"","id","bet.AICc","bet.AIC","bet.BIC","bet.rsq"
"1",4,"baranyi_model","baranyi_model","baranyi_model","gompertz_model"
"2",6,"gompertz_model","gompertz_model","gompertz_model","baranyi_model"
"3",11,"gompertz_model","gompertz_model","gompertz_model","baranyi_model"
"4",12,"gompertz_model","gompertz_model","gompertz_model","baranyi_model"
"5",13,"gompertz_model","gompertz_model","gompertz_model","baranyi_model"
"6",14,"baranyi_model","baranyi_model","baranyi_model","gompertz_model"
"7",15,"baranyi_model","baranyi_model","baranyi_model","gompertz_model"
"8",16,"gompertz_model","gompertz_model","gompertz_model","baranyi_model"
"9",18,"gompertz_model","gompertz_model","gompertz_model","baranyi_model"
"10",19,"baranyi_model","baranyi_model","baranyi_model","gompertz_model"
"11",20,"baranyi_model","baranyi_model","baranyi_model","gompertz_model"
"12",22,"gompertz_model","gompertz_model","gompertz_model","baranyi_model"
"13",23,"baranyi_model","baranyi_model","baranyi_model","gompertz_model"
"14",24,"baranyi_model","baranyi_model","baranyi_model","gompertz_model"
"15",26,"baranyi_model","baranyi_model","baranyi_model","gompertz_model"
"16",27,"gompertz_model","gompertz_model","gompertz_model","baranyi_model"
"17",28,"baranyi_model","baranyi_model","baranyi_model","gompertz_model"
"18",29,"gompertz_model","gompertz_model","gompertz_model","baranyi_model"
"19",30,"gompertz_model","gompertz_model","gompertz_model","baranyi_model"
"20",32,"gompertz_model","gompertz_model","gompertz_model","baranyi_model"
"21",33,"gompertz_model","gompertz_model","gompertz_model","baranyi_model"
"22",34,"gompertz_model","gompertz_model","gompertz_model","baranyi_model"
"23",35,"gompertz_model","gompertz_model","gompertz_model","baranyi_model"
"24",36,"gompertz_model","gompertz_model","gompertz_model","baranyi_model"
"25",39,"baranyi_model","baranyi_model","baranyi_model","gompertz_model"
"26",40,"gompertz_model","gompertz_model","gompertz_model","baranyi_model"
"27",41,"gompertz_model","gompertz_model","gompertz_model","baranyi_model"
"28",42,"gompertz_model","gompertz_model","gompertz_model","baranyi_model"
"29",43,"gompertz_model","gompertz_model","gompertz_model","baranyi_model"
"30",44,"baranyi_model","baranyi_model","baranyi_model","gompertz_model"
"31",45,"gompertz_model","gompertz_model","gompertz_model","baranyi_model"
"32",46,"gompertz_model","gompertz_model","gompertz_model","baranyi_model"
"33",47,"gompertz_model","gompertz_model","gompertz_model","baranyi_model"
"34",48,"gompertz_model","gompertz_model","gompertz_model","baranyi_model"
"35",49,"gompertz_model","gompertz_model","gompertz_model","baranyi_model"
"36",50,"gompertz_model","gompertz_model","gompertz_model","baranyi_model"
"37",51,"gompertz_model","gompertz_model","gompertz_model","baranyi_model"
"38",52,"baranyi_model","baranyi_model","baranyi_model","gompertz_model"
"39",53,"baranyi_model","baranyi_model","baranyi_model","gompertz_model"
"40",54,"baranyi_model","baranyi_model","baranyi_model","gompertz_model"
"41",55,"baranyi_model","baranyi_model","baranyi_model","gompertz_model"
"42",56,"gompertz_model","gompertz_model","gompertz_model","baranyi_model"
"43",57,"baranyi_model","baranyi_model","baranyi_model","gompertz_model"
"44",58,"baranyi_model","baranyi_model","baranyi_model","gompertz_model"
"45",60,"baranyi_model","baranyi_model","baranyi_model","gompertz_model"
"46",61,"baranyi_model","baranyi_model","baranyi_model","gompertz_model"
"47",62,"gompertz_model","gompertz_model","gompertz_model","baranyi_model"
"48",63,"gompertz_model","gompertz_model","gompertz_model","baranyi_model"
"49",64,"gompertz_model","gompertz_model","gompertz_model","baranyi_model"
"50",65,"gompertz_model","gompertz_model","gompertz_model","baranyi_model"
"51",66,"gompertz_model","gompertz_model","gompertz_model","baranyi_model"
"52",67,"gompertz_model","gompertz_model","gompertz_model","baranyi_model"
"53",68,"gompertz_model","gompertz_model","gompertz_model","baranyi_model"
"54",69,"baranyi_model","baranyi_model","baranyi_model","gompertz_model"
"55",70,"baranyi_model","baranyi_model","baranyi_model","gompertz_model"
"56",71,"gompertz_model","gompertz_model","gompertz_model","baranyi_model"
"57",72,"gompertz_model","gompertz_model","gompertz_model","baranyi_model"
"58",73,"gompertz_model","gompertz_model","gompertz_model","baranyi_model"
"59",74,"baranyi_model","baranyi_model","baranyi_model","gompertz_model"
"60",75,"baranyi_model","baranyi_model","baranyi_model","gompertz_model"
"61",76,"gompertz_model","gompertz_model","gompertz_model","baranyi_model"
"62",77,"gompertz_model","gompertz_model","gompertz_model","baranyi_model"
"63",78,"gompertz_model","gompertz_model","gompertz_model","baranyi_model"
"64",79,"gompertz_model","gompertz_model","gompertz_model","baranyi_model"
"65",80,"gompertz_model","gompertz_model","gompertz_model","baranyi_model"
"66",81,"gompertz_model","gompertz_model","gompertz_model","baranyi_model"
"67",82,"gompertz_model","gompertz_model","gompertz_model","baranyi_model"
"68",83,"baranyi_model","baranyi_model","baranyi_model","gompertz_model"
"69",84,"gompertz_model","gompertz_model","gompertz_model","baranyi_model"
"70",85,"gompertz_model","gompertz_model","gompertz_model","baranyi_model"
"71",86,"baranyi_model","baranyi_model","baranyi_model","gompertz_model"
"72",87,"gompertz_model","gompertz_model","gompertz_model","baranyi_model"
"73",88,"gompertz_model","gompertz_model","gompertz_model","baranyi_model"
"74",89,"gompertz_model","gompertz_model","gompertz_model","baranyi_model"
"75",90,"gompertz_model","gompertz_model","gompertz_model","baranyi_model"
"76",91,"gompertz_model","gompertz_model","gompertz_model","baranyi_model"
"77",92,"baranyi_model","baranyi_model","baranyi_model","gompertz_model"
"78",94,"gompertz_model","gompertz_model","gompertz_model","baranyi_model"
"79",95,"baranyi_model","baranyi_model","baranyi_model","gompertz_model"
"80",96,"baranyi_model","baranyi_model","baranyi_model","gompertz_model"
"81",97,"gompertz_model","gompertz_model","gompertz_model","baranyi_model"
"82",98,"gompertz_model","gompertz_model","gompertz_model","baranyi_model"
"83",104,"gompertz_model","gompertz_model","gompertz_model","baranyi_model"
"84",105,"gompertz_model","gompertz_model","gompertz_model","baranyi_model"
"85",106,"baranyi_model","baranyi_model","baranyi_model","gompertz_model"
"86",107,"gompertz_model","gompertz_model","gompertz_model","baranyi_model"
"87",108,"gompertz_model","gompertz_model","gompertz_model","baranyi_model"
"88",109,"gompertz_model","gompertz_model","gompertz_model","baranyi_model"
"89",110,"gompertz_model","gompertz_model","gompertz_model","baranyi_model"
"90",111,"baranyi_model","baranyi_model","baranyi_model","gompertz_model"
"91",113,"baranyi_model","baranyi_model","baranyi_model","gompertz_model"
"92",114,"gompertz_model","gompertz_model","gompertz_model","baranyi_model"
"93",115,"gompertz_model","gompertz_model","gompertz_model","baranyi_model"
"94",116,"gompertz_model","gompertz_model","gompertz_model","baranyi_model"
"95",117,"gompertz_model","gompertz_model","gompertz_model","baranyi_model"
"96",119,"gompertz_model","gompertz_model","gompertz_model","baranyi_model"
"97",120,"gompertz_model","gompertz_model","gompertz_model","baranyi_model"
"98",121,"gompertz_model","gompertz_model","gompertz_model","baranyi_model"
"99",123,"gompertz_model","gompertz_model","gompertz_model","baranyi_model"
"100",124,"gompertz_model","gompertz_model","gompertz_model","baranyi_model"
"101",125,"baranyi_model","baranyi_model","baranyi_model","gompertz_model"
"102",126,"baranyi_model","baranyi_model","baranyi_model","gompertz_model"
"103",127,"gompertz_model","gompertz_model","gompertz_model","baranyi_model"
"104",128,"baranyi_model","baranyi_model","baranyi_model","gompertz_model"
"105",129,"baranyi_model","baranyi_model","baranyi_model","gompertz_model"
"106",130,"baranyi_model","baranyi_model","baranyi_model","gompertz_model"
"107",131,"baranyi_model","baranyi_model","baranyi_model","gompertz_model"
"108",132,"gompertz_model","gompertz_model","gompertz_model","baranyi_model"
"109",133,"gompertz_model","gompertz_model","gompertz_model","baranyi_model"
"110",134,"baranyi_model","baranyi_model","baranyi_model","gompertz_model"
"111",135,"gompertz_model","gompertz_model","gompertz_model","baranyi_model"
"112",136,"gompertz_model","gompertz_model","gompertz_model","baranyi_model"
"113",137,"gompertz_model","gompertz_model","gompertz_model","baranyi_model"
"114",138,"baranyi_model","baranyi_model","baranyi_model","gompertz_model"
"115",139,"gompertz_model","gompertz_model","gompertz_model","baranyi_model"
"116",140,"baranyi_model","baranyi_model","baranyi_model","gompertz_model"
"117",141,"gompertz_model","gompertz_model","gompertz_model","baranyi_model"
"118",142,"gompertz_model","gompertz_model","gompertz_model","baranyi_model"
"119",143,"gompertz_model","gompertz_model","gompertz_model","baranyi_model"
"120",144,"baranyi_model","baranyi_model","baranyi_model","gompertz_model"
"121",145,"gompertz_model","gompertz_model","gompertz_model","baranyi_model"
"122",146,"baranyi_model","baranyi_model","baranyi_model","gompertz_model"
"123",147,"gompertz_model","gompertz_model","gompertz_model","baranyi_model"
"124",148,"gompertz_model","gompertz_model","gompertz_model","baranyi_model"
"125",149,"gompertz_model","gompertz_model","gompertz_model","baranyi_model"
"126",150,"baranyi_model","baranyi_model","baranyi_model","gompertz_model"
"127",152,"baranyi_model","baranyi_model","baranyi_model","gompertz_model"
"128",153,"baranyi_model","baranyi_model","baranyi_model","gompertz_model"
"129",154,"gompertz_model","gompertz_model","gompertz_model","baranyi_model"
"130",155,"gompertz_model","gompertz_model","gompertz_model","baranyi_model"
"131",156,"baranyi_model","baranyi_model","baranyi_model","gompertz_model"
"132",158,"baranyi_model","baranyi_model","baranyi_model","gompertz_model"
"133",159,"gompertz_model","gompertz_model","gompertz_model","baranyi_model"
"134",160,"gompertz_model","gompertz_model","gompertz_model","baranyi_model"
"135",161,"gompertz_model","gompertz_model","gompertz_model","baranyi_model"
"136",162,"baranyi_model","baranyi_model","baranyi_model","gompertz_model"
"137",163,"gompertz_model","gompertz_model","gompertz_model","baranyi_model"
"138",164,"gompertz_model","gompertz_model","gompertz_model","baranyi_model"
"139",165,"baranyi_model","baranyi_model","baranyi_model","gompertz_model"
"140",166,"baranyi_model","baranyi_model","baranyi_model","gompertz_model"
"141",167,"gompertz_model","gompertz_model","gompertz_model","baranyi_model"
"142",168,"baranyi_model","baranyi_model","baranyi_model","gompertz_model"
"143",169,"baranyi_model","baranyi_model","baranyi_model","gompertz_model"
"144",170,"baranyi_model","baranyi_model","baranyi_model","gompertz_model"
"145",171,"baranyi_model","baranyi_model","baranyi_model","gompertz_model"
"146",172,"gompertz_model","gompertz_model","gompertz_model","baranyi_model"
"147",173,"gompertz_model","gompertz_model","gompertz_model","baranyi_model"
"148",174,"baranyi_model","baranyi_model","baranyi_model","gompertz_model"
"149",175,"gompertz_model","gompertz_model","gompertz_model","baranyi_model"
"150",176,"baranyi_model","baranyi_model","baranyi_model","gompertz_model"
"151",177,"baranyi_model","baranyi_model","baranyi_model","gompertz_model"
"152",178,"baranyi_model","baranyi_model","baranyi_model","gompertz_model"
"153",179,"gompertz_model","gompertz_model","gompertz_model","baranyi_model"
"154",180,"gompertz_model","gompertz_model","gompertz_model","baranyi_model"
"155",181,"baranyi_model","baranyi_model","baranyi_model","gompertz_model"
"156",182,"baranyi_model","baranyi_model","baranyi_model","gompertz_model"
"157",183,"gompertz_model","gompertz_model","gompertz_model","baranyi_model"
"158",184,"baranyi_model","baranyi_model","baranyi_model","gompertz_model"
"159",185,"baranyi_model","baranyi_model","baranyi_model","gompertz_model"
"160",186,"gompertz_model","gompertz_model","gompertz_model","baranyi_model"
"161",187,"baranyi_model","baranyi_model","baranyi_model","gompertz_model"
"162",188,"gompertz_model","gompertz_model","gompertz_model","baranyi_model"
"163",189,"baranyi_model","baranyi_model","baranyi_model","gompertz_model"
"164",190,"gompertz_model","gompertz_model","gompertz_model","baranyi_model"
"165",191,"baranyi_model","baranyi_model","baranyi_model","gompertz_model"
"166",192,"gompertz_model","gompertz_model","gompertz_model","baranyi_model"
"167",193,"baranyi_model","baranyi_model","baranyi_model","gompertz_model"
"168",194,"baranyi_model","baranyi_model","baranyi_model","gompertz_model"
"169",195,"baranyi_model","baranyi_model","baranyi_model","gompertz_model"
"170",196,"baranyi_model","baranyi_model","baranyi_model","gompertz_model"
"171",197,"gompertz_model","gompertz_model","gompertz_model","baranyi_model"
"172",198,"baranyi_model","baranyi_model","baranyi_model","gompertz_model"
"173",199,"baranyi_model","baranyi_model","baranyi_model","gompertz_model"
"174",200,"baranyi_model","baranyi_model","baranyi_model","gompertz_model"
"175",201,"gompertz_model","gompertz_model","gompertz_model","baranyi_model"
"176",204,"gompertz_model","gompertz_model","gompertz_model","baranyi_model"
"177",205,"gompertz_model","gompertz_model","gompertz_model","baranyi_model"
"178",206,"gompertz_model","gompertz_model","gompertz_model","baranyi_model"
"179",207,"gompertz_model","gompertz_model","gompertz_model","baranyi_model"
"180",208,"gompertz_model","gompertz_model","gompertz_model","baranyi_model"
"181",210,"gompertz_model","gompertz_model","gompertz_model","baranyi_model"
"182",215,"baranyi_model","baranyi_model","baranyi_model","gompertz_model"
"183",216,"gompertz_model","gompertz_model","gompertz_model","baranyi_model"
"184",217,"baranyi_model","baranyi_model","baranyi_model","gompertz_model"
"185",218,"baranyi_model","baranyi_model","baranyi_model","gompertz_model"
"186",221,"gompertz_model","gompertz_model","gompertz_model","baranyi_model"
"187",222,"gompertz_model","gompertz_model","gompertz_model","baranyi_model"
"188",223,"gompertz_model","gompertz_model","gompertz_model","baranyi_model"
"189",227,"gompertz_model","gompertz_model","gompertz_model","baranyi_model"
"190",229,"baranyi_model","baranyi_model","baranyi_model","gompertz_model"
"191",232,"gompertz_model","gompertz_model","gompertz_model","baranyi_model"
"192",239,"gompertz_model","gompertz_model","gompertz_model","baranyi_model"
"193",240,"gompertz_model","gompertz_model","gompertz_model","baranyi_model"
"194",241,"gompertz_model","gompertz_model","gompertz_model","baranyi_model"
"195",242,"gompertz_model","gompertz_model","gompertz_model","baranyi_model"
"196",243,"baranyi_model","baranyi_model","baranyi_model","gompertz_model"
"197",244,"gompertz_model","gompertz_model","gompertz_model","baranyi_model"
"198",245,"gompertz_model","gompertz_model","gompertz_model","baranyi_model"
"199",247,"gompertz_model","gompertz_model","gompertz_model","baranyi_model"
"200",248,"gompertz_model","gompertz_model","gompertz_model","baranyi_model"
"201",249,"gompertz_model","gompertz_model","gompertz_model","baranyi_model"
"202",250,"gompertz_model","gompertz_model","gompertz_model","baranyi_model"
"203",252,"gompertz_model","gompertz_model","gompertz_model","baranyi_model"
"204",256,"gompertz_model","gompertz_model","gompertz_model","baranyi_model"
"205",257,"gompertz_model","gompertz_model","gompertz_model","baranyi_model"
"206",258,"gompertz_model","gompertz_model","gompertz_model","baranyi_model"
"207",259,"gompertz_model","gompertz_model","gompertz_model","baranyi_model"
"208",262,"gompertz_model","gompertz_model","gompertz_model","baranyi_model"
"209",263,"gompertz_model","gompertz_model","gompertz_model","baranyi_model"
"210",264,"gompertz_model","gompertz_model","gompertz_model","baranyi_model"
"211",265,"gompertz_model","gompertz_model","gompertz_model","baranyi_model"
"212",267,"baranyi_model","baranyi_model","baranyi_model","gompertz_model"
"213",268,"gompertz_model","gompertz_model","gompertz_model","baranyi_model"
"214",269,"gompertz_model","gompertz_model","gompertz_model","baranyi_model"
"215",270,"gompertz_model","gompertz_model","gompertz_model","baranyi_model"
"216",275,"gompertz_model","gompertz_model","gompertz_model","baranyi_model"
"217",276,"gompertz_model","gompertz_model","gompertz_model","baranyi_model"
"218",277,"gompertz_model","gompertz_model","gompertz_model","baranyi_model"
"219",280,"baranyi_model","baranyi_model","baranyi_model","gompertz_model"
"220",281,"gompertz_model","gompertz_model","gompertz_model","baranyi_model"
"221",282,"gompertz_model","gompertz_model","gompertz_model","baranyi_model"
"222",283,"gompertz_model","gompertz_model","gompertz_model","baranyi_model"
"223",295,"gompertz_model","gompertz_model","gompertz_model","baranyi_model"
"224",296,"baranyi_model","baranyi_model","baranyi_model","gompertz_model"
"225",297,"gompertz_model","gompertz_model","gompertz_model","baranyi_model"
"226",298,"baranyi_model","baranyi_model","baranyi_model","gompertz_model"
"227",300,"baranyi_model","baranyi_model","baranyi_model","gompertz_model"
"228",301,"gompertz_model","gompertz_model","gompertz_model","baranyi_model"
"229",303,"gompertz_model","gompertz_model","gompertz_model","baranyi_model"
"230",316,"gompertz_model","gompertz_model","gompertz_model","baranyi_model"
"231",318,"gompertz_model","gompertz_model","gompertz_model","baranyi_model"
"232",321,"gompertz_model","gompertz_model","gompertz_model","baranyi_model"
"233",322,"gompertz_model","gompertz_model","gompertz_model","baranyi_model"
"234",323,"gompertz_model","gompertz_model","gompertz_model","baranyi_model"
"235",326,"baranyi_model","baranyi_model","baranyi_model","gompertz_model"
"236",327,"gompertz_model","gompertz_model","gompertz_model","baranyi_model"
"237",328,"gompertz_model","gompertz_model","gompertz_model","baranyi_model"
"238",330,"gompertz_model","gompertz_model","gompertz_model","baranyi_model"
"239",331,"gompertz_model","gompertz_model","gompertz_model","baranyi_model"
"240",332,"gompertz_model","gompertz_model","gompertz_model","baranyi_model"
"241",333,"gompertz_model","gompertz_model","gompertz_model","baranyi_model"
"242",334,"gompertz_model","gompertz_model","gompertz_model","baranyi_model"
"243",340,"gompertz_model","gompertz_model","gompertz_model","baranyi_model"
"244",341,"gompertz_model","gompertz_model","gompertz_model","baranyi_model"
"245",342,"gompertz_model","gompertz_model","gompertz_model","baranyi_model"
"246",343,"gompertz_model","gompertz_model","gompertz_model","baranyi_model"
"247",344,"baranyi_model","baranyi_model","baranyi_model","gompertz_model"
"248",345,"gompertz_model","gompertz_model","gompertz_model","baranyi_model"
"249",346,"gompertz_model","gompertz_model","gompertz_model","baranyi_model"
"250",347,"gompertz_model","gompertz_model","gompertz_model","baranyi_model"
"251",348,"gompertz_model","gompertz_model","gompertz_model","baranyi_model"
"252",350,"baranyi_model","baranyi_model","baranyi_model","gompertz_model"
"253",351,"baranyi_model","baranyi_model","baranyi_model","gompertz_model"
"254",352,"baranyi_model","baranyi_model","baranyi_model","gompertz_model"
"255",353,"baranyi_model","baranyi_model","baranyi_model","gompertz_model"
"256",354,"gompertz_model","gompertz_model","gompertz_model","baranyi_model"
"257",355,"gompertz_model","gompertz_model","gompertz_model","baranyi_model"
"258",356,"baranyi_model","baranyi_model","baranyi_model","gompertz_model"
"259",357,"baranyi_model","baranyi_model","baranyi_model","gompertz_model"
"260",358,"gompertz_model","gompertz_model","gompertz_model","baranyi_model"
"261",360,"gompertz_model","gompertz_model","gompertz_model","baranyi_model"
"262",361,"baranyi_model","baranyi_model","baranyi_model","gompertz_model"
"263",364,"baranyi_model","baranyi_model","baranyi_model","gompertz_model"
"264",366,"gompertz_model","gompertz_model","gompertz_model","baranyi_model"
"265",367,"gompertz_model","gompertz_model","gompertz_model","baranyi_model"
"266",368,"baranyi_model","baranyi_model","baranyi_model","gompertz_model"
"267",369,"gompertz_model","gompertz_model","gompertz_model","baranyi_model"
"268",370,"baranyi_model","baranyi_model","baranyi_model","gompertz_model"
"269",371,"baranyi_model","baranyi_model","baranyi_model","gompertz_model"
"270",372,"baranyi_model","baranyi_model","baranyi_model","gompertz_model"
"271",373,"baranyi_model","baranyi_model","baranyi_model","gompertz_model"
"272",374,"gompertz_model","gompertz_model","gompertz_model","baranyi_model"
"273",375,"baranyi_model","baranyi_model","baranyi_model","gompertz_model"
"274",376,"gompertz_model","gompertz_model","gompertz_model","baranyi_model"
"275",377,"baranyi_model","baranyi_model","baranyi_model","gompertz_model"
"276",378,"baranyi_model","baranyi_model","baranyi_model","gompertz_model"
"277",379,"gompertz_model","gompertz_model","gompertz_model","baranyi_model"
"278",380,"baranyi_model","baranyi_model","baranyi_model","gompertz_model"
"279",381,"gompertz_model","gompertz_model","gompertz_model","baranyi_model"
"280",382,"gompertz_model","gompertz_model","gompertz_model","baranyi_model"
"281",383,"gompertz_model","gompertz_model","gompertz_model","baranyi_model"
"282",384,"gompertz_model","gompertz_model","gompertz_model","baranyi_model"
"283",385,"gompertz_model","gompertz_model","gompertz_model","baranyi_model"
"284",386,"gompertz_model","gompertz_model","gompertz_model","baranyi_model"
"285",387,"gompertz_model","gompertz_model","gompertz_model","baranyi_model"
"286",388,"gompertz_model","gompertz_model","gompertz_model","baranyi_model"
"287",389,"gompertz_model","gompertz_model","gompertz_model","baranyi_model"
"288",391,"gompertz_model","gompertz_model","gompertz_model","baranyi_model"
"289",392,"gompertz_model","gompertz_model","gompertz_model","baranyi_model"
"290",393,"gompertz_model","gompertz_model","gompertz_model","baranyi_model"
"291",398,"gompertz_model","gompertz_model","gompertz_model","baranyi_model"
"292",399,"gompertz_model","gompertz_model","gompertz_model","baranyi_model"
"293",403,"baranyi_model","baranyi_model","baranyi_model","gompertz_model"
"294",404,"baranyi_model","baranyi_model","baranyi_model","gompertz_model"
"295",405,"baranyi_model","baranyi_model","baranyi_model","gompertz_model"
"296",408,"gompertz_model","gompertz_model","gompertz_model","baranyi_model"
"297",409,"gompertz_model","gompertz_model","gompertz_model","baranyi_model"
"298",410,"gompertz_model","gompertz_model","gompertz_model","baranyi_model"
"299",411,"gompertz_model","gompertz_model","gompertz_model","baranyi_model"
"300",414,"gompertz_model","gompertz_model","gompertz_model","baranyi_model"
"301",415,"baranyi_model","baranyi_model","baranyi_model","gompertz_model"
"302",417,"baranyi_model","baranyi_model","baranyi_model","gompertz_model"
"303",419,"gompertz_model","gompertz_model","gompertz_model","baranyi_model"
"304",420,"baranyi_model","baranyi_model","baranyi_model","gompertz_model"
"305",421,"gompertz_model","gompertz_model","gompertz_model","baranyi_model"
"306",422,"baranyi_model","baranyi_model","baranyi_model","gompertz_model"
"307",423,"baranyi_model","baranyi_model","baranyi_model","gompertz_model"
"308",424,"gompertz_model","gompertz_model","gompertz_model","baranyi_model"
"309",425,"gompertz_model","gompertz_model","gompertz_model","baranyi_model"
"310",430,"gompertz_model","gompertz_model","gompertz_model","baranyi_model"
"311",431,"baranyi_model","baranyi_model","baranyi_model","gompertz_model"
"312",432,"gompertz_model","gompertz_model","gompertz_model","baranyi_model"
"313",435,"baranyi_model","baranyi_model","baranyi_model","gompertz_model"
"314",436,"gompertz_model","gompertz_model","gompertz_model","baranyi_model"
"315",438,"gompertz_model","gompertz_model","gompertz_model","baranyi_model"
"316",440,"gompertz_model","gompertz_model","gompertz_model","baranyi_model"
"317",441,"gompertz_model","gompertz_model","gompertz_model","baranyi_model"
"318",448,"gompertz_model","gompertz_model","gompertz_model","baranyi_model"
"319",449,"gompertz_model","gompertz_model","gompertz_model","gompertz_model"
"320",449,"gompertz_model","gompertz_model","gompertz_model","baranyi_model"
"321",450,"baranyi_model","baranyi_model","baranyi_model","gompertz_model"
"322",450,"baranyi_model","baranyi_model","baranyi_model","baranyi_model"
"323",451,"gompertz_model","gompertz_model","gompertz_model","gompertz_model"
"324",451,"gompertz_model","gompertz_model","gompertz_model","baranyi_model"
"325",452,"gompertz_model","gompertz_model","gompertz_model","gompertz_model"
"326",452,"gompertz_model","gompertz_model","gompertz_model","baranyi_model"
"327",453,"gompertz_model","gompertz_model","gompertz_model","baranyi_model"
"328",454,"baranyi_model","baranyi_model","baranyi_model","gompertz_model"
"329",454,"baranyi_model","baranyi_model","baranyi_model","baranyi_model"
"330",455,"gompertz_model","gompertz_model","gompertz_model","baranyi_model"
"331",456,"gompertz_model","gompertz_model","gompertz_model","baranyi_model"
"332",457,"gompertz_model","gompertz_model","gompertz_model","gompertz_model"
"333",457,"gompertz_model","gompertz_model","gompertz_model","baranyi_model"
"334",458,"gompertz_model","gompertz_model","gompertz_model","gompertz_model"
"335",458,"gompertz_model","gompertz_model","gompertz_model","baranyi_model"
"336",460,"gompertz_model","gompertz_model","gompertz_model","gompertz_model"
"337",460,"gompertz_model","gompertz_model","gompertz_model","baranyi_model"
"338",461,"baranyi_model","baranyi_model","baranyi_model","gompertz_model"
"339",461,"baranyi_model","baranyi_model","baranyi_model","baranyi_model"
"340",462,"gompertz_model","gompertz_model","gompertz_model","gompertz_model"
"341",462,"gompertz_model","gompertz_model","gompertz_model","baranyi_model"
"342",463,"gompertz_model","gompertz_model","gompertz_model","gompertz_model"
"343",463,"gompertz_model","gompertz_model","gompertz_model","baranyi_model"
"344",464,"gompertz_model","gompertz_model","gompertz_model","gompertz_model"
"345",464,"gompertz_model","gompertz_model","gompertz_model","baranyi_model"
"346",465,"gompertz_model","gompertz_model","gompertz_model","baranyi_model"
"347",466,"baranyi_model","baranyi_model","baranyi_model","gompertz_model"
"348",467,"gompertz_model","gompertz_model","gompertz_model","baranyi_model"
"349",468,"gompertz_model","gompertz_model","gompertz_model","baranyi_model"
"350",469,"gompertz_model","gompertz_model","gompertz_model","baranyi_model"
"351",470,"gompertz_model","gompertz_model","gompertz_model","baranyi_model"
"352",471,"gompertz_model","gompertz_model","gompertz_model","baranyi_model"
"353",472,"gompertz_model","gompertz_model","gompertz_model","baranyi_model"
"354",473,"gompertz_model","gompertz_model","gompertz_model","baranyi_model"
"355",474,"gompertz_model","gompertz_model","gompertz_model","baranyi_model"
"356",476,"baranyi_model","baranyi_model","baranyi_model","gompertz_model"
"357",478,"baranyi_model","baranyi_model","baranyi_model","gompertz_model"
"358",479,"baranyi_model","baranyi_model","baranyi_model","gompertz_model"
"359",480,"gompertz_model","gompertz_model","gompertz_model","baranyi_model"
"360",481,"gompertz_model","gompertz_model","gompertz_model","baranyi_model"
"361",482,"gompertz_model","gompertz_model","gompertz_model","baranyi_model"
"362",483,"baranyi_model","baranyi_model","baranyi_model","gompertz_model"
"363",484,"baranyi_model","baranyi_model","baranyi_model","gompertz_model"
"364",485,"gompertz_model","gompertz_model","gompertz_model","baranyi_model"
"365",486,"gompertz_model","gompertz_model","gompertz_model","baranyi_model"
"366",487,"baranyi_model","baranyi_model","baranyi_model","gompertz_model"
"367",488,"gompertz_model","gompertz_model","gompertz_model","baranyi_model"
"368",489,"gompertz_model","gompertz_model","gompertz_model","baranyi_model"
"369",490,"gompertz_model","gompertz_model","gompertz_model","baranyi_model"
"370",491,"baranyi_model","baranyi_model","baranyi_model","gompertz_model"
"371",492,"gompertz_model","gompertz_model","gompertz_model","baranyi_model"
"372",493,"gompertz_model","gompertz_model","gompertz_model","baranyi_model"
"373",494,"baranyi_model","baranyi_model","baranyi_model","gompertz_model"
"374",495,"gompertz_model","gompertz_model","gompertz_model","baranyi_model"
"375",496,"gompertz_model","gompertz_model","gompertz_model","baranyi_model"
"376",497,"baranyi_model","baranyi_model","baranyi_model","gompertz_model"
"377",498,"gompertz_model","gompertz_model","gompertz_model","baranyi_model"
"378",499,"gompertz_model","gompertz_model","gompertz_model","baranyi_model"
"379",500,"baranyi_model","baranyi_model","baranyi_model","gompertz_model"
"380",501,"baranyi_model","baranyi_model","baranyi_model","gompertz_model"
"381",502,"gompertz_model","gompertz_model","gompertz_model","baranyi_model"
"382",503,"gompertz_model","gompertz_model","gompertz_model","baranyi_model"
"383",504,"baranyi_model","baranyi_model","baranyi_model","gompertz_model"
"384",505,"gompertz_model","gompertz_model","gompertz_model","baranyi_model"
"385",506,"gompertz_model","gompertz_model","gompertz_model","baranyi_model"
"386",507,"gompertz_model","gompertz_model","gompertz_model","baranyi_model"
"387",508,"gompertz_model","gompertz_model","gompertz_model","baranyi_model"
"388",509,"gompertz_model","gompertz_model","gompertz_model","baranyi_model"
"389",510,"gompertz_model","gompertz_model","gompertz_model","baranyi_model"
"390",511,"gompertz_model","gompertz_model","gompertz_model","baranyi_model"
"391",512,"gompertz_model","gompertz_model","gompertz_model","baranyi_model"
"392",513,"baranyi_model","baranyi_model","baranyi_model","gompertz_model"
"393",514,"gompertz_model","gompertz_model","gompertz_model","baranyi_model"
"394",515,"gompertz_model","gompertz_model","gompertz_model","baranyi_model"
"395",516,"gompertz_model","gompertz_model","gompertz_model","baranyi_model"
"396",517,"baranyi_model","baranyi_model","baranyi_model","gompertz_model"
"397",518,"baranyi_model","baranyi_model","baranyi_model","gompertz_model"
"398",519,"gompertz_model","gompertz_model","gompertz_model","baranyi_model"
"399",520,"gompertz_model","gompertz_model","gompertz_model","baranyi_model"
"400",521,"gompertz_model","gompertz_model","gompertz_model","baranyi_model"
"401",522,"gompertz_model","gompertz_model","gompertz_model","baranyi_model"
"402",523,"baranyi_model","baranyi_model","baranyi_model","gompertz_model"
"403",524,"baranyi_model","baranyi_model","baranyi_model","gompertz_model"
"404",525,"baranyi_model","baranyi_model","baranyi_model","gompertz_model"
"405",526,"gompertz_model","gompertz_model","gompertz_model","baranyi_model"
"406",527,"baranyi_model","baranyi_model","baranyi_model","gompertz_model"
"407",528,"gompertz_model","gompertz_model","gompertz_model","baranyi_model"
"408",529,"baranyi_model","baranyi_model","baranyi_model","gompertz_model"
"409",530,"gompertz_model","gompertz_model","gompertz_model","baranyi_model"
"410",532,"baranyi_model","baranyi_model","baranyi_model","gompertz_model"
"411",533,"gompertz_model","gompertz_model","gompertz_model","baranyi_model"
"412",534,"baranyi_model","baranyi_model","baranyi_model","gompertz_model"
"413",535,"gompertz_model","gompertz_model","gompertz_model","baranyi_model"
"414",536,"gompertz_model","gompertz_model","gompertz_model","baranyi_model"
"415",537,"baranyi_model","baranyi_model","baranyi_model","gompertz_model"
"416",538,"gompertz_model","gompertz_model","gompertz_model","baranyi_model"
"417",539,"gompertz_model","gompertz_model","gompertz_model","baranyi_model"
"418",540,"baranyi_model","baranyi_model","baranyi_model","gompertz_model"
"419",541,"baranyi_model","baranyi_model","baranyi_model","gompertz_model"
"420",542,"gompertz_model","gompertz_model","gompertz_model","baranyi_model"
"421",543,"baranyi_model","baranyi_model","baranyi_model","gompertz_model"
"422",547,"baranyi_model","baranyi_model","baranyi_model","gompertz_model"
"423",548,"baranyi_model","baranyi_model","baranyi_model","gompertz_model"
"424",549,"baranyi_model","baranyi_model","baranyi_model","gompertz_model"
"425",550,"gompertz_model","gompertz_model","gompertz_model","baranyi_model"
"426",551,"baranyi_model","baranyi_model","baranyi_model","gompertz_model"
"427",552,"baranyi_model","baranyi_model","baranyi_model","gompertz_model"
"428",553,"gompertz_model","gompertz_model","gompertz_model","baranyi_model"
"429",554,"gompertz_model","gompertz_model","gompertz_model","baranyi_model"
"430",555,"baranyi_model","baranyi_model","baranyi_model","gompertz_model"
"431",556,"baranyi_model","baranyi_model","baranyi_model","gompertz_model"
"432",557,"gompertz_model","gompertz_model","gompertz_model","baranyi_model"
"433",558,"gompertz_model","gompertz_model","gompertz_model","baranyi_model"
"434",559,"gompertz_model","gompertz_model","gompertz_model","baranyi_model"
"435",560,"gompertz_model","gompertz_model","gompertz_model","baranyi_model"
"436",561,"baranyi_model","baranyi_model","baranyi_model","gompertz_model"
"437",562,"gompertz_model","gompertz_model","gompertz_model","baranyi_model"
"438",563,"gompertz_model","gompertz_model","gompertz_model","baranyi_model"
"439",564,"gompertz_model","gompertz_model","gompertz_model","baranyi_model"
"440",565,"gompertz_model","gompertz_model","gompertz_model","baranyi_model"
"441",566,"baranyi_model","baranyi_model","baranyi_model","gompertz_model"
"442",567,"gompertz_model","gompertz_model","gompertz_model","baranyi_model"
"443",568,"baranyi_model","baranyi_model","baranyi_model","gompertz_model"
"444",569,"baranyi_model","baranyi_model","baranyi_model","gompertz_model"
"445",570,"gompertz_model","gompertz_model","gompertz_model","baranyi_model"
"446",571,"gompertz_model","gompertz_model","gompertz_model","baranyi_model"
"447",572,"baranyi_model","baranyi_model","baranyi_model","gompertz_model"
"448",573,"baranyi_model","baranyi_model","baranyi_model","gompertz_model"
"449",574,"baranyi_model","baranyi_model","baranyi_model","gompertz_model"
"450",575,"gompertz_model","gompertz_model","gompertz_model","baranyi_model"
"451",576,"baranyi_model","baranyi_model","baranyi_model","gompertz_model"
"452",577,"baranyi_model","baranyi_model","baranyi_model","gompertz_model"
"453",578,"baranyi_model","baranyi_model","baranyi_model","gompertz_model"
"454",579,"gompertz_model","gompertz_model","gompertz_model","baranyi_model"
"455",580,"gompertz_model","gompertz_model","gompertz_model","baranyi_model"
"456",581,"gompertz_model","gompertz_model","gompertz_model","baranyi_model"
"457",582,"baranyi_model","baranyi_model","baranyi_model","gompertz_model"
"458",583,"gompertz_model","gompertz_model","gompertz_model","baranyi_model"
"459",584,"gompertz_model","gompertz_model","gompertz_model","baranyi_model"
"460",585,"baranyi_model","baranyi_model","baranyi_model","gompertz_model"
"461",586,"baranyi_model","baranyi_model","baranyi_model","gompertz_model"
"462",587,"baranyi_model","baranyi_model","baranyi_model","gompertz_model"
"463",588,"gompertz_model","gompertz_model","gompertz_model","baranyi_model"
"464",589,"gompertz_model","gompertz_model","gompertz_model","baranyi_model"
"465",590,"baranyi_model","baranyi_model","baranyi_model","gompertz_model"
"466",591,"gompertz_model","gompertz_model","gompertz_model","baranyi_model"
"467",592,"gompertz_model","gompertz_model","gompertz_model","baranyi_model"
"468",593,"baranyi_model","baranyi_model","baranyi_model","gompertz_model"
"469",594,"gompertz_model","gompertz_model","gompertz_model","baranyi_model"
"470",595,"gompertz_model","gompertz_model","gompertz_model","baranyi_model"
"471",596,"gompertz_model","gompertz_model","gompertz_model","baranyi_model"
"472",597,"baranyi_model","baranyi_model","baranyi_model","gompertz_model"
"473",598,"gompertz_model","gompertz_model","gompertz_model","baranyi_model"
"474",599,"gompertz_model","gompertz_model","gompertz_model","baranyi_model"
"475",600,"baranyi_model","baranyi_model","baranyi_model","gompertz_model"
"476",601,"baranyi_model","baranyi_model","baranyi_model","gompertz_model"
"477",602,"baranyi_model","baranyi_model","baranyi_model","gompertz_model"
"478",603,"baranyi_model","baranyi_model","baranyi_model","gompertz_model"
"479",604,"baranyi_model","baranyi_model","baranyi_model","gompertz_model"
"480",605,"gompertz_model","gompertz_model","gompertz_model","baranyi_model"
"481",606,"gompertz_model","gompertz_model","gompertz_model","baranyi_model"
"482",607,"gompertz_model","gompertz_model","gompertz_model","baranyi_model"
"483",608,"gompertz_model","gompertz_model","gompertz_model","baranyi_model"
"484",609,"gompertz_model","gompertz_model","gompertz_model","baranyi_model"
"485",610,"gompertz_model","gompertz_model","gompertz_model","baranyi_model"
"486",611,"gompertz_model","gompertz_model","gompertz_model","baranyi_model"
"487",612,"baranyi_model","baranyi_model","baranyi_model","gompertz_model"
"488",613,"gompertz_model","gompertz_model","gompertz_model","baranyi_model"
"489",614,"gompertz_model","gompertz_model","gompertz_model","baranyi_model"
"490",615,"baranyi_model","baranyi_model","baranyi_model","gompertz_model"
"491",616,"gompertz_model","gompertz_model","gompertz_model","baranyi_model"
"492",617,"baranyi_model","baranyi_model","baranyi_model","gompertz_model"
"493",618,"gompertz_model","gompertz_model","gompertz_model","baranyi_model"
"494",619,"gompertz_model","gompertz_model","gompertz_model","baranyi_model"
"495",620,"gompertz_model","gompertz_model","gompertz_model","baranyi_model"
"496",621,"baranyi_model","baranyi_model","baranyi_model","gompertz_model"
"497",622,"gompertz_model","gompertz_model","gompertz_model","baranyi_model"
"498",623,"baranyi_model","baranyi_model","baranyi_model","gompertz_model"
"499",624,"baranyi_model","baranyi_model","baranyi_model","gompertz_model"
"500",625,"baranyi_model","baranyi_model","baranyi_model","gompertz_model"
"501",626,"gompertz_model","gompertz_model","gompertz_model","baranyi_model"
"502",627,"baranyi_model","baranyi_model","baranyi_model","gompertz_model"
"503",628,"gompertz_model","gompertz_model","gompertz_model","baranyi_model"
"504",629,"baranyi_model","baranyi_model","baranyi_model","gompertz_model"
"505",630,"baranyi_model","baranyi_model","baranyi_model","gompertz_model"
"506",631,"gompertz_model","gompertz_model","gompertz_model","baranyi_model"
"507",632,"gompertz_model","gompertz_model","gompertz_model","baranyi_model"
"508",633,"baranyi_model","baranyi_model","baranyi_model","gompertz_model"
"509",634,"baranyi_model","baranyi_model","baranyi_model","gompertz_model"
"510",635,"gompertz_model","gompertz_model","gompertz_model","baranyi_model"
"511",636,"baranyi_model","baranyi_model","baranyi_model","gompertz_model"
"512",637,"baranyi_model","baranyi_model","baranyi_model","gompertz_model"
"513",638,"gompertz_model","gompertz_model","gompertz_model","baranyi_model"
"514",639,"baranyi_model","baranyi_model","baranyi_model","gompertz_model"
"515",640,"baranyi_model","baranyi_model","baranyi_model","gompertz_model"
"516",641,"baranyi_model","baranyi_model","baranyi_model","gompertz_model"
"517",642,"gompertz_model","gompertz_model","gompertz_model","baranyi_model"
"518",643,"gompertz_model","gompertz_model","gompertz_model","baranyi_model"
"519",644,"gompertz_model","gompertz_model","gompertz_model","baranyi_model"
"520",645,"gompertz_model","gompertz_model","gompertz_model","baranyi_model"
"521",646,"baranyi_model","baranyi_model","baranyi_model","gompertz_model"
"522",647,"gompertz_model","gompertz_model","gompertz_model","baranyi_model"
"523",648,"baranyi_model","baranyi_model","baranyi_model","gompertz_model"
"524",649,"gompertz_model","gompertz_model","gompertz_model","baranyi_model"
"525",650,"gompertz_model","gompertz_model","gompertz_model","baranyi_model"
"526",651,"baranyi_model","baranyi_model","baranyi_model","gompertz_model"
"527",652,"gompertz_model","gompertz_model","gompertz_model","baranyi_model"
"528",653,"gompertz_model","gompertz_model","gompertz_model","baranyi_model"
"529",654,"baranyi_model","baranyi_model","baranyi_model","gompertz_model"
"530",655,"baranyi_model","baranyi_model","baranyi_model","gompertz_model"
"531",656,"baranyi_model","baranyi_model","baranyi_model","gompertz_model"
"532",657,"gompertz_model","gompertz_model","gompertz_model","baranyi_model"
"533",658,"gompertz_model","gompertz_model","gompertz_model","baranyi_model"
"534",659,"baranyi_model","baranyi_model","baranyi_model","gompertz_model"
"535",660,"gompertz_model","gompertz_model","gompertz_model","baranyi_model"
"536",661,"gompertz_model","gompertz_model","gompertz_model","baranyi_model"
"537",662,"gompertz_model","gompertz_model","gompertz_model","baranyi_model"
"538",663,"gompertz_model","gompertz_model","gompertz_model","baranyi_model"
"539",664,"gompertz_model","gompertz_model","gompertz_model","baranyi_model"
"540",665,"gompertz_model","gompertz_model","gompertz_model","baranyi_model"
"541",666,"baranyi_model","baranyi_model","baranyi_model","gompertz_model"
"542",667,"gompertz_model","gompertz_model","gompertz_model","baranyi_model"
"543",668,"baranyi_model","baranyi_model","baranyi_model","gompertz_model"
"544",669,"baranyi_model","baranyi_model","baranyi_model","gompertz_model"
"545",670,"gompertz_model","gompertz_model","gompertz_model","baranyi_model"
"546",671,"baranyi_model","baranyi_model","baranyi_model","gompertz_model"
"547",672,"gompertz_model","gompertz_model","gompertz_model","baranyi_model"
"548",673,"gompertz_model","gompertz_model","gompertz_model","baranyi_model"
"549",674,"gompertz_model","gompertz_model","gompertz_model","baranyi_model"
"550",675,"baranyi_model","baranyi_model","baranyi_model","gompertz_model"
"551",676,"gompertz_model","gompertz_model","gompertz_model","baranyi_model"
"552",677,"gompertz_model","gompertz_model","gompertz_model","baranyi_model"
"553",678,"baranyi_model","baranyi_model","baranyi_model","gompertz_model"
"554",679,"baranyi_model","baranyi_model","baranyi_model","gompertz_model"
"555",680,"gompertz_model","gompertz_model","gompertz_model","baranyi_model"
"556",681,"baranyi_model","baranyi_model","baranyi_model","gompertz_model"
"557",682,"gompertz_model","gompertz_model","gompertz_model","baranyi_model"
"558",683,"baranyi_model","baranyi_model","baranyi_model","gompertz_model"
"559",684,"baranyi_model","baranyi_model","baranyi_model","gompertz_model"
"560",685,"gompertz_model","gompertz_model","gompertz_model","baranyi_model"
"561",686,"gompertz_model","gompertz_model","gompertz_model","baranyi_model"
"562",687,"gompertz_model","gompertz_model","gompertz_model","baranyi_model"
"563",688,"gompertz_model","gompertz_model","gompertz_model","baranyi_model"
"564",689,"gompertz_model","gompertz_model","gompertz_model","baranyi_model"
"565",690,"baranyi_model","baranyi_model","baranyi_model","gompertz_model"
"566",691,"gompertz_model","gompertz_model","gompertz_model","baranyi_model"
"567",692,"gompertz_model","gompertz_model","gompertz_model","baranyi_model"
"568",693,"gompertz_model","gompertz_model","gompertz_model","baranyi_model"
"569",694,"baranyi_model","baranyi_model","baranyi_model","gompertz_model"
"570",695,"gompertz_model","gompertz_model","gompertz_model","baranyi_model"
"571",696,"baranyi_model","baranyi_model","baranyi_model","gompertz_model"
"572",697,"baranyi_model","baranyi_model","baranyi_model","gompertz_model"
"573",698,"baranyi_model","baranyi_model","baranyi_model","gompertz_model"
"574",699,"gompertz_model","gompertz_model","gompertz_model","baranyi_model"
"575",700,"gompertz_model","gompertz_model","gompertz_model","baranyi_model"
"576",701,"gompertz_model","gompertz_model","gompertz_model","baranyi_model"
"577",702,"gompertz_model","gompertz_model","gompertz_model","baranyi_model"
"578",703,"baranyi_model","baranyi_model","baranyi_model","gompertz_model"
"579",704,"gompertz_model","gompertz_model","gompertz_model","baranyi_model"
"580",705,"gompertz_model","gompertz_model","gompertz_model","baranyi_model"
"581",706,"baranyi_model","baranyi_model","baranyi_model","gompertz_model"
"582",707,"baranyi_model","baranyi_model","baranyi_model","gompertz_model"
"583",708,"baranyi_model","baranyi_model","baranyi_model","gompertz_model"
"584",709,"gompertz_model","gompertz_model","gompertz_model","baranyi_model"
"585",710,"baranyi_model","baranyi_model","baranyi_model","gompertz_model"
"586",711,"gompertz_model","gompertz_model","gompertz_model","baranyi_model"
"587",712,"baranyi_model","baranyi_model","baranyi_model","gompertz_model"
"588",713,"gompertz_model","gompertz_model","gompertz_model","baranyi_model"
"589",714,"baranyi_model","baranyi_model","baranyi_model","gompertz_model"
"590",715,"gompertz_model","gompertz_model","gompertz_model","baranyi_model"
"591",716,"baranyi_model","baranyi_model","baranyi_model","gompertz_model"
"592",717,"baranyi_model","baranyi_model","baranyi_model","gompertz_model"
"593",718,"gompertz_model","gompertz_model","gompertz_model","baranyi_model"
"594",719,"baranyi_model","baranyi_model","baranyi_model","gompertz_model"
"595",720,"baranyi_model","baranyi_model","baranyi_model","gompertz_model"
"596",721,"gompertz_model","gompertz_model","gompertz_model","baranyi_model"
"597",722,"gompertz_model","gompertz_model","gompertz_model","baranyi_model"
"598",723,"gompertz_model","gompertz_model","gompertz_model","baranyi_model"
"599",724,"gompertz_model","gompertz_model","gompertz_model","baranyi_model"
"600",725,"gompertz_model","gompertz_model","gompertz_model","baranyi_model"
"601",726,"gompertz_model","gompertz_model","gompertz_model","baranyi_model"
"602",727,"baranyi_model","baranyi_model","baranyi_model","gompertz_model"
"603",728,"baranyi_model","baranyi_model","baranyi_model","gompertz_model"
"604",729,"baranyi_model","baranyi_model","baranyi_model","gompertz_model"
"605",730,"baranyi_model","baranyi_model","baranyi_model","gompertz_model"
"606",731,"gompertz_model","gompertz_model","gompertz_model","baranyi_model"
"607",732,"gompertz_model","gompertz_model","gompertz_model","baranyi_model"
"608",733,"baranyi_model","baranyi_model","baranyi_model","gompertz_model"
"609",734,"gompertz_model","gompertz_model","gompertz_model","baranyi_model"
"610",735,"baranyi_model","baranyi_model","baranyi_model","gompertz_model"
"611",736,"baranyi_model","baranyi_model","baranyi_model","gompertz_model"
"612",737,"baranyi_model","baranyi_model","baranyi_model","gompertz_model"
"613",738,"gompertz_model","gompertz_model","gompertz_model","baranyi_model"
"614",739,"baranyi_model","baranyi_model","baranyi_model","gompertz_model"
"615",740,"gompertz_model","gompertz_model","gompertz_model","baranyi_model"
"616",741,"gompertz_model","gompertz_model","gompertz_model","baranyi_model"
"617",742,"gompertz_model","gompertz_model","gompertz_model","baranyi_model"
"618",743,"baranyi_model","baranyi_model","baranyi_model","gompertz_model"
"619",744,"gompertz_model","gompertz_model","gompertz_model","baranyi_model"
"620",745,"gompertz_model","gompertz_model","gompertz_model","baranyi_model"
"621",746,"baranyi_model","baranyi_model","baranyi_model","gompertz_model"
"622",747,"gompertz_model","gompertz_model","gompertz_model","baranyi_model"
"623",748,"baranyi_model","baranyi_model","baranyi_model","gompertz_model"
"624",749,"gompertz_model","gompertz_model","gompertz_model","baranyi_model"
"625",750,"gompertz_model","gompertz_model","gompertz_model","baranyi_model"
"626",751,"baranyi_model","baranyi_model","baranyi_model","gompertz_model"
"627",752,"gompertz_model","gompertz_model","gompertz_model","baranyi_model"
"628",753,"gompertz_model","gompertz_model","gompertz_model","baranyi_model"
"629",754,"gompertz_model","gompertz_model","gompertz_model","baranyi_model"
"630",755,"gompertz_model","gompertz_model","gompertz_model","baranyi_model"
"631",756,"baranyi_model","baranyi_model","baranyi_model","gompertz_model"
"632",757,"baranyi_model","baranyi_model","baranyi_model","gompertz_model"
"633",758,"gompertz_model","gompertz_model","gompertz_model","baranyi_model"
"634",759,"gompertz_model","gompertz_model","gompertz_model","baranyi_model"
"635",761,"gompertz_model","gompertz_model","gompertz_model","baranyi_model"
"636",763,"gompertz_model","gompertz_model","gompertz_model","baranyi_model"
"637",764,"gompertz_model","gompertz_model","gompertz_model","baranyi_model"
"638",765,"baranyi_model","baranyi_model","baranyi_model","gompertz_model"
"639",766,"baranyi_model","baranyi_model","baranyi_model","gompertz_model"
"640",767,"baranyi_model","baranyi_model","baranyi_model","gompertz_model"
"641",768,"gompertz_model","gompertz_model","gompertz_model","baranyi_model"
"642",769,"baranyi_model","baranyi_model","baranyi_model","gompertz_model"
"643",770,"baranyi_model","baranyi_model","baranyi_model","gompertz_model"
"644",771,"baranyi_model","baranyi_model","baranyi_model","gompertz_model"
"645",772,"gompertz_model","gompertz_model","gompertz_model","baranyi_model"
"646",773,"gompertz_model","gompertz_model","gompertz_model","baranyi_model"
"647",774,"baranyi_model","baranyi_model","baranyi_model","gompertz_model"
"648",775,"gompertz_model","gompertz_model","gompertz_model","baranyi_model"
"649",776,"gompertz_model","gompertz_model","gompertz_model","baranyi_model"
"650",777,"baranyi_model","baranyi_model","baranyi_model","gompertz_model"
"651",778,"baranyi_model","baranyi_model","baranyi_model","gompertz_model"
"652",779,"gompertz_model","gompertz_model","gompertz_model","baranyi_model"
"653",780,"gompertz_model","gompertz_model","gompertz_model","baranyi_model"
"654",781,"gompertz_model","gompertz_model","gompertz_model","baranyi_model"
"655",782,"gompertz_model","gompertz_model","gompertz_model","baranyi_model"
"656",783,"baranyi_model","baranyi_model","baranyi_model","gompertz_model"
"657",784,"gompertz_model","gompertz_model","gompertz_model","baranyi_model"
"658",785,"baranyi_model","baranyi_model","baranyi_model","gompertz_model"
"659",786,"baranyi_model","baranyi_model","baranyi_model","gompertz_model"
"660",787,"baranyi_model","baranyi_model","baranyi_model","gompertz_model"
"661",788,"gompertz_model","gompertz_model","gompertz_model","baranyi_model"
"662",789,"gompertz_model","gompertz_model","gompertz_model","baranyi_model"
"663",790,"baranyi_model","baranyi_model","baranyi_model","gompertz_model"
"664",791,"baranyi_model","baranyi_model","baranyi_model","gompertz_model"
"665",792,"gompertz_model","gompertz_model","gompertz_model","baranyi_model"
"666",793,"baranyi_model","baranyi_model","baranyi_model","gompertz_model"
"667",794,"baranyi_model","baranyi_model","baranyi_model","gompertz_model"
"668",795,"gompertz_model","gompertz_model","gompertz_model","baranyi_model"
"669",796,"gompertz_model","gompertz_model","gompertz_model","baranyi_model"
"670",797,"baranyi_model","baranyi_model","baranyi_model","gompertz_model"
"671",798,"baranyi_model","baranyi_model","baranyi_model","gompertz_model"
"672",799,"baranyi_model","baranyi_model","baranyi_model","gompertz_model"
"673",800,"gompertz_model","gompertz_model","gompertz_model","baranyi_model"
"674",801,"baranyi_model","baranyi_model","baranyi_model","gompertz_model"
"675",802,"gompertz_model","gompertz_model","gompertz_model","baranyi_model"
"676",803,"gompertz_model","gompertz_model","gompertz_model","baranyi_model"
"677",804,"baranyi_model","baranyi_model","baranyi_model","gompertz_model"
"678",805,"baranyi_model","baranyi_model","baranyi_model","gompertz_model"
"679",806,"gompertz_model","gompertz_model","gompertz_model","baranyi_model"
"680",807,"gompertz_model","gompertz_model","gompertz_model","baranyi_model"
"681",808,"gompertz_model","gompertz_model","gompertz_model","baranyi_model"
"682",809,"baranyi_model","baranyi_model","baranyi_model","gompertz_model"
"683",810,"gompertz_model","gompertz_model","gompertz_model","baranyi_model"
"684",811,"gompertz_model","gompertz_model","gompertz_model","baranyi_model"
"685",812,"baranyi_model","baranyi_model","baranyi_model","gompertz_model"
"686",813,"gompertz_model","gompertz_model","gompertz_model","baranyi_model"
"687",814,"gompertz_model","gompertz_model","gompertz_model","baranyi_model"
"688",815,"baranyi_model","baranyi_model","baranyi_model","gompertz_model"
"689",816,"baranyi_model","baranyi_model","baranyi_model","gompertz_model"
"690",817,"baranyi_model","baranyi_model","baranyi_model","gompertz_model"
"691",818,"gompertz_model","gompertz_model","gompertz_model","baranyi_model"
"692",819,"gompertz_model","gompertz_model","gompertz_model","baranyi_model"
"693",820,"baranyi_model","baranyi_model","baranyi_model","gompertz_model"
"694",821,"gompertz_model","gompertz_model","gompertz_model","baranyi_model"
"695",822,"baranyi_model","baranyi_model","baranyi_model","gompertz_model"
"696",823,"baranyi_model","baranyi_model","baranyi_model","gompertz_model"
"697",824,"baranyi_model","baranyi_model","baranyi_model","gompertz_model"
"698",825,"gompertz_model","gompertz_model","gompertz_model","baranyi_model"
"699",826,"gompertz_model","gompertz_model","gompertz_model","baranyi_model"
"700",827,"gompertz_model","gompertz_model","gompertz_model","baranyi_model"
"701",828,"baranyi_model","baranyi_model","baranyi_model","gompertz_model"
"702",829,"gompertz_model","gompertz_model","gompertz_model","baranyi_model"
"703",830,"gompertz_model","gompertz_model","gompertz_model","baranyi_model"
"704",831,"baranyi_model","baranyi_model","baranyi_model","gompertz_model"
"705",832,"baranyi_model","baranyi_model","baranyi_model","gompertz_model"
"706",833,"gompertz_model","gompertz_model","gompertz_model","baranyi_model"
"707",834,"gompertz_model","gompertz_model","gompertz_model","baranyi_model"
"708",835,"baranyi_model","baranyi_model","baranyi_model","gompertz_model"
"709",836,"gompertz_model","gompertz_model","gompertz_model","baranyi_model"
"710",837,"gompertz_model","gompertz_model","gompertz_model","baranyi_model"
"711",838,"gompertz_model","gompertz_model","gompertz_model","baranyi_model"
"712",840,"baranyi_model","baranyi_model","baranyi_model","gompertz_model"
"713",841,"baranyi_model","baranyi_model","baranyi_model","gompertz_model"
"714",842,"baranyi_model","baranyi_model","baranyi_model","gompertz_model"
"715",843,"gompertz_model","gompertz_model","gompertz_model","baranyi_model"
"716",844,"gompertz_model","gompertz_model","gompertz_model","baranyi_model"
"717",845,"baranyi_model","baranyi_model","baranyi_model","gompertz_model"
"718",846,"baranyi_model","baranyi_model","baranyi_model","gompertz_model"
"719",847,"gompertz_model","gompertz_model","gompertz_model","baranyi_model"
"720",848,"gompertz_model","gompertz_model","gompertz_model","baranyi_model"
"721",849,"baranyi_model","baranyi_model","baranyi_model","gompertz_model"
"722",850,"baranyi_model","baranyi_model","baranyi_model","gompertz_model"
"723",852,"gompertz_model","gompertz_model","gompertz_model","baranyi_model"
"724",853,"gompertz_model","gompertz_model","gompertz_model","baranyi_model"
"725",854,"baranyi_model","baranyi_model","baranyi_model","gompertz_model"
"726",855,"baranyi_model","baranyi_model","baranyi_model","gompertz_model"
"727",856,"gompertz_model","gompertz_model","gompertz_model","baranyi_model"
"728",857,"baranyi_model","baranyi_model","baranyi_model","gompertz_model"
"729",858,"baranyi_model","baranyi_model","baranyi_model","gompertz_model"
"730",859,"gompertz_model","gompertz_model","gompertz_model","baranyi_model"
"731",860,"baranyi_model","baranyi_model","baranyi_model","gompertz_model"
"732",861,"gompertz_model","gompertz_model","gompertz_model","baranyi_model"
"733",862,"gompertz_model","gompertz_model","gompertz_model","baranyi_model"
"734",863,"gompertz_model","gompertz_model","gompertz_model","baranyi_model"
"735",864,"gompertz_model","gompertz_model","gompertz_model","baranyi_model"
"736",866,"baranyi_model","baranyi_model","baranyi_model","gompertz_model"
"737",867,"gompertz_model","gompertz_model","gompertz_model","baranyi_model"
"738",868,"baranyi_model","baranyi_model","baranyi_model","gompertz_model"
"739",869,"gompertz_model","gompertz_model","gompertz_model","baranyi_model"
"740",870,"gompertz_model","gompertz_model","gompertz_model","baranyi_model"
"741",871,"gompertz_model","gompertz_model","gompertz_model","baranyi_model"
"742",872,"baranyi_model","baranyi_model","baranyi_model","gompertz_model"
"743",873,"gompertz_model","gompertz_model","gompertz_model","baranyi_model"
"744",874,"baranyi_model","baranyi_model","baranyi_model","gompertz_model"
"745",875,"gompertz_model","gompertz_model","gompertz_model","baranyi_model"
