"","Time","PopBio","Temp","Time_units","PopBio_unts","Species","Medium","Rep","Citation"
"1",13.4556726930846,1193.40874330466,5,"Hours","N","Tetraselmis tetrahele","ESAW",1,"Bernhardt, J.R., Sunday, J.M. and O’Connor, M.I., 2018. Metabolic theory and the temperature-size rule explain the temperature dependence of population carrying capacity. The American naturalist, 192(6), pp.687-697."
"2",82.6930071977933,411.917860860587,5,"Hours","N","Tetraselmis tetrahele","ESAW",1,"Bernhardt, J.R., Sunday, J.M. and O’Connor, M.I., 2018. Metabolic theory and the temperature-size rule explain the temperature dependence of population carrying capacity. The American naturalist, 192(6), pp.687-697."
"3",156.445820039766,145.712799310917,5,"Hours","N","Tetraselmis tetrahele","ESAW",1,"Bernhardt, J.R., Sunday, J.M. and O’Connor, M.I., 2018. Metabolic theory and the temperature-size rule explain the temperature dependence of population carrying capacity. The American naturalist, 192(6), pp.687-697."
"4",246.755386785038,1267.46579050268,5,"Hours","N","Tetraselmis tetrahele","ESAW",1,"Bernhardt, J.R., Sunday, J.M. and O’Connor, M.I., 2018. Metabolic theory and the temperature-size rule explain the temperature dependence of population carrying capacity. The American naturalist, 192(6), pp.687-697."
"5",299.435967386446,2977.44968211122,5,"Hours","N","Tetraselmis tetrahele","ESAW",1,"Bernhardt, J.R., Sunday, J.M. and O’Connor, M.I., 2018. Metabolic theory and the temperature-size rule explain the temperature dependence of population carrying capacity. The American naturalist, 192(6), pp.687-697."
"6",419.848723046809,8378.94386332962,5,"Hours","N","Tetraselmis tetrahele","ESAW",1,"Bernhardt, J.R., Sunday, J.M. and O’Connor, M.I., 2018. Metabolic theory and the temperature-size rule explain the temperature dependence of population carrying capacity. The American naturalist, 192(6), pp.687-697."
"7",588.426580971317,14618.8616719852,5,"Hours","N","Tetraselmis tetrahele","ESAW",1,"Bernhardt, J.R., Sunday, J.M. and O’Connor, M.I., 2018. Metabolic theory and the temperature-size rule explain the temperature dependence of population carrying capacity. The American naturalist, 192(6), pp.687-697."
"8",752.488960558562,16899.5073747353,5,"Hours","N","Tetraselmis tetrahele","ESAW",1,"Bernhardt, J.R., Sunday, J.M. and O’Connor, M.I., 2018. Metabolic theory and the temperature-size rule explain the temperature dependence of population carrying capacity. The American naturalist, 192(6), pp.687-697."
"9",829.252092292043,14891.9609331239,5,"Hours","N","Tetraselmis tetrahele","ESAW",1,"Bernhardt, J.R., Sunday, J.M. and O’Connor, M.I., 2018. Metabolic theory and the temperature-size rule explain the temperature dependence of population carrying capacity. The American naturalist, 192(6), pp.687-697."
"10",949.664847952406,19699.6643755473,5,"Hours","N","Tetraselmis tetrahele","ESAW",1,"Bernhardt, J.R., Sunday, J.M. and O’Connor, M.I., 2018. Metabolic theory and the temperature-size rule explain the temperature dependence of population carrying capacity. The American naturalist, 192(6), pp.687-697."
"11",1015.89186356561,19353.175247816,5,"Hours","N","Tetraselmis tetrahele","ESAW",1,"Bernhardt, J.R., Sunday, J.M. and O’Connor, M.I., 2018. Metabolic theory and the temperature-size rule explain the temperature dependence of population carrying capacity. The American naturalist, 192(6), pp.687-697."
"12",13.5052634823759,1265.01457678674,5,"Hours","N","Tetraselmis tetrahele","ESAW",2,"Bernhardt, J.R., Sunday, J.M. and O’Connor, M.I., 2018. Metabolic theory and the temperature-size rule explain the temperature dependence of population carrying capacity. The American naturalist, 192(6), pp.687-697."
"13",82.7425979870848,156.605197702724,5,"Hours","N","Tetraselmis tetrahele","ESAW",2,"Bernhardt, J.R., Sunday, J.M. and O’Connor, M.I., 2018. Metabolic theory and the temperature-size rule explain the temperature dependence of population carrying capacity. The American naturalist, 192(6), pp.687-697."
"14",156.495410829057,631.637788738735,5,"Hours","N","Tetraselmis tetrahele","ESAW",2,"Bernhardt, J.R., Sunday, J.M. and O’Connor, M.I., 2018. Metabolic theory and the temperature-size rule explain the temperature dependence of population carrying capacity. The American naturalist, 192(6), pp.687-697."
"15",248.310137020084,631.637788738735,5,"Hours","N","Tetraselmis tetrahele","ESAW",2,"Bernhardt, J.R., Sunday, J.M. and O’Connor, M.I., 2018. Metabolic theory and the temperature-size rule explain the temperature dependence of population carrying capacity. The American naturalist, 192(6), pp.687-697."
"16",300.990717621492,3679.76358121978,5,"Hours","N","Tetraselmis tetrahele","ESAW",2,"Bernhardt, J.R., Sunday, J.M. and O’Connor, M.I., 2018. Metabolic theory and the temperature-size rule explain the temperature dependence of population carrying capacity. The American naturalist, 192(6), pp.687-697."
"17",419.898313836101,8786.36393485684,5,"Hours","N","Tetraselmis tetrahele","ESAW",2,"Bernhardt, J.R., Sunday, J.M. and O’Connor, M.I., 2018. Metabolic theory and the temperature-size rule explain the temperature dependence of population carrying capacity. The American naturalist, 192(6), pp.687-697."
"18",588.476171760609,14922.2015690719,5,"Hours","N","Tetraselmis tetrahele","ESAW",2,"Bernhardt, J.R., Sunday, J.M. and O’Connor, M.I., 2018. Metabolic theory and the temperature-size rule explain the temperature dependence of population carrying capacity. The American naturalist, 192(6), pp.687-697."
"19",751.033391902099,14922.2015690719,5,"Hours","N","Tetraselmis tetrahele","ESAW",2,"Bernhardt, J.R., Sunday, J.M. and O’Connor, M.I., 2018. Metabolic theory and the temperature-size rule explain the temperature dependence of population carrying capacity. The American naturalist, 192(6), pp.687-697."
"20",830.806842527089,15793.0946526379,5,"Hours","N","Tetraselmis tetrahele","ESAW",2,"Bernhardt, J.R., Sunday, J.M. and O’Connor, M.I., 2018. Metabolic theory and the temperature-size rule explain the temperature dependence of population carrying capacity. The American naturalist, 192(6), pp.687-697."
"21",949.714438741698,18445.3599525889,5,"Hours","N","Tetraselmis tetrahele","ESAW",2,"Bernhardt, J.R., Sunday, J.M. and O’Connor, M.I., 2018. Metabolic theory and the temperature-size rule explain the temperature dependence of population carrying capacity. The American naturalist, 192(6), pp.687-697."
"22",1015.9414543549,22285.20673013,5,"Hours","N","Tetraselmis tetrahele","ESAW",2,"Bernhardt, J.R., Sunday, J.M. and O’Connor, M.I., 2018. Metabolic theory and the temperature-size rule explain the temperature dependence of population carrying capacity. The American naturalist, 192(6), pp.687-697."
"23",12.0496948259129,1706.77676329414,5,"Hours","N","Tetraselmis tetrahele","ESAW",3,"Bernhardt, J.R., Sunday, J.M. and O’Connor, M.I., 2018. Metabolic theory and the temperature-size rule explain the temperature dependence of population carrying capacity. The American naturalist, 192(6), pp.687-697."
"24",81.2870293306214,1009.40388628522,5,"Hours","N","Tetraselmis tetrahele","ESAW",3,"Bernhardt, J.R., Sunday, J.M. and O’Connor, M.I., 2018. Metabolic theory and the temperature-size rule explain the temperature dependence of population carrying capacity. The American naturalist, 192(6), pp.687-697."
"25",155.039842172594,1020.22442807541,5,"Hours","N","Tetraselmis tetrahele","ESAW",3,"Bernhardt, J.R., Sunday, J.M. and O’Connor, M.I., 2018. Metabolic theory and the temperature-size rule explain the temperature dependence of population carrying capacity. The American naturalist, 192(6), pp.687-697."
"26",248.359727809375,1544.91029120815,5,"Hours","N","Tetraselmis tetrahele","ESAW",3,"Bernhardt, J.R., Sunday, J.M. and O’Connor, M.I., 2018. Metabolic theory and the temperature-size rule explain the temperature dependence of population carrying capacity. The American naturalist, 192(6), pp.687-697."
"27",299.53514896503,5679.68221936367,5,"Hours","N","Tetraselmis tetrahele","ESAW",3,"Bernhardt, J.R., Sunday, J.M. and O’Connor, M.I., 2018. Metabolic theory and the temperature-size rule explain the temperature dependence of population carrying capacity. The American naturalist, 192(6), pp.687-697."
"28",418.442745179638,7544.56947279633,5,"Hours","N","Tetraselmis tetrahele","ESAW",3,"Bernhardt, J.R., Sunday, J.M. and O’Connor, M.I., 2018. Metabolic theory and the temperature-size rule explain the temperature dependence of population carrying capacity. The American naturalist, 192(6), pp.687-697."
"29",587.020603104146,11853.7950338958,5,"Hours","N","Tetraselmis tetrahele","ESAW",3,"Bernhardt, J.R., Sunday, J.M. and O’Connor, M.I., 2018. Metabolic theory and the temperature-size rule explain the temperature dependence of population carrying capacity. The American naturalist, 192(6), pp.687-697."
"30",830.85643331638,15820.2964958446,5,"Hours","N","Tetraselmis tetrahele","ESAW",3,"Bernhardt, J.R., Sunday, J.M. and O’Connor, M.I., 2018. Metabolic theory and the temperature-size rule explain the temperature dependence of population carrying capacity. The American naturalist, 192(6), pp.687-697."
"31",751.08298269139,20525.4655555118,5,"Hours","N","Tetraselmis tetrahele","ESAW",3,"Bernhardt, J.R., Sunday, J.M. and O’Connor, M.I., 2018. Metabolic theory and the temperature-size rule explain the temperature dependence of population carrying capacity. The American naturalist, 192(6), pp.687-697."
"32",951.269188976742,20633.4501460303,5,"Hours","N","Tetraselmis tetrahele","ESAW",3,"Bernhardt, J.R., Sunday, J.M. and O’Connor, M.I., 2018. Metabolic theory and the temperature-size rule explain the temperature dependence of population carrying capacity. The American naturalist, 192(6), pp.687-697."
"33",1015.99104514419,21625.6275799762,5,"Hours","N","Tetraselmis tetrahele","ESAW",3,"Bernhardt, J.R., Sunday, J.M. and O’Connor, M.I., 2018. Metabolic theory and the temperature-size rule explain the temperature dependence of population carrying capacity. The American naturalist, 192(6), pp.687-697."
"34",13.6044450609591,1185.84247828063,5,"Hours","N","Tetraselmis tetrahele","ESAW",4,"Bernhardt, J.R., Sunday, J.M. and O’Connor, M.I., 2018. Metabolic theory and the temperature-size rule explain the temperature dependence of population carrying capacity. The American naturalist, 192(6), pp.687-697."
"35",82.8417795656676,117.01914844961,5,"Hours","N","Tetraselmis tetrahele","ESAW",4,"Bernhardt, J.R., Sunday, J.M. and O’Connor, M.I., 2018. Metabolic theory and the temperature-size rule explain the temperature dependence of population carrying capacity. The American naturalist, 192(6), pp.687-697."
"36",155.089432961887,4154.79617225566,5,"Hours","N","Tetraselmis tetrahele","ESAW",4,"Bernhardt, J.R., Sunday, J.M. and O’Connor, M.I., 2018. Metabolic theory and the temperature-size rule explain the temperature dependence of population carrying capacity. The American naturalist, 192(6), pp.687-697."
"37",248.409318598667,1581.70297081062,5,"Hours","N","Tetraselmis tetrahele","ESAW",4,"Bernhardt, J.R., Sunday, J.M. and O’Connor, M.I., 2018. Metabolic theory and the temperature-size rule explain the temperature dependence of population carrying capacity. The American naturalist, 192(6), pp.687-697."
"38",299.584739754321,4115.21012300265,5,"Hours","N","Tetraselmis tetrahele","ESAW",4,"Bernhardt, J.R., Sunday, J.M. and O’Connor, M.I., 2018. Metabolic theory and the temperature-size rule explain the temperature dependence of population carrying capacity. The American naturalist, 192(6), pp.687-697."
"39",419.997495414685,6965.40566921868,5,"Hours","N","Tetraselmis tetrahele","ESAW",4,"Bernhardt, J.R., Sunday, J.M. and O’Connor, M.I., 2018. Metabolic theory and the temperature-size rule explain the temperature dependence of population carrying capacity. The American naturalist, 192(6), pp.687-697."
"40",588.575353339192,17574.4668690228,5,"Hours","N","Tetraselmis tetrahele","ESAW",4,"Bernhardt, J.R., Sunday, J.M. and O’Connor, M.I., 2018. Metabolic theory and the temperature-size rule explain the temperature dependence of population carrying capacity. The American naturalist, 192(6), pp.687-697."
"41",749.627414034928,19672.5274794318,5,"Hours","N","Tetraselmis tetrahele","ESAW",4,"Bernhardt, J.R., Sunday, J.M. and O’Connor, M.I., 2018. Metabolic theory and the temperature-size rule explain the temperature dependence of population carrying capacity. The American naturalist, 192(6), pp.687-697."
"42",829.400864659917,18247.4297063238,5,"Hours","N","Tetraselmis tetrahele","ESAW",4,"Bernhardt, J.R., Sunday, J.M. and O’Connor, M.I., 2018. Metabolic theory and the temperature-size rule explain the temperature dependence of population carrying capacity. The American naturalist, 192(6), pp.687-697."
"43",1013.03031704197,20978.8671047808,5,"Hours","N","Tetraselmis tetrahele","ESAW",4,"Bernhardt, J.R., Sunday, J.M. and O’Connor, M.I., 2018. Metabolic theory and the temperature-size rule explain the temperature dependence of population carrying capacity. The American naturalist, 192(6), pp.687-697."
"44",949.813620320281,26877.1884434779,5,"Hours","N","Tetraselmis tetrahele","ESAW",4,"Bernhardt, J.R., Sunday, J.M. and O’Connor, M.I., 2018. Metabolic theory and the temperature-size rule explain the temperature dependence of population carrying capacity. The American naturalist, 192(6), pp.687-697."
"45",972.709037630857,20215.0786919774,5,"Hours","N","Tetraselmis tetrahele","ESAW",5,"Bernhardt, J.R., Sunday, J.M. and O’Connor, M.I., 2018. Metabolic theory and the temperature-size rule explain the temperature dependence of population carrying capacity. The American naturalist, 192(6), pp.687-697."
"46",912.180001402532,15829.9706404127,5,"Hours","N","Tetraselmis tetrahele","ESAW",5,"Bernhardt, J.R., Sunday, J.M. and O’Connor, M.I., 2018. Metabolic theory and the temperature-size rule explain the temperature dependence of population carrying capacity. The American naturalist, 192(6), pp.687-697."
"47",790.033046812679,16679.3253926025,5,"Hours","N","Tetraselmis tetrahele","ESAW",5,"Bernhardt, J.R., Sunday, J.M. and O’Connor, M.I., 2018. Metabolic theory and the temperature-size rule explain the temperature dependence of population carrying capacity. The American naturalist, 192(6), pp.687-697."
"48",712.199324918374,15067.7976276464,5,"Hours","N","Tetraselmis tetrahele","ESAW",5,"Bernhardt, J.R., Sunday, J.M. and O’Connor, M.I., 2018. Metabolic theory and the temperature-size rule explain the temperature dependence of population carrying capacity. The American naturalist, 192(6), pp.687-697."
"49",549.891835180204,14141.7140486681,5,"Hours","N","Tetraselmis tetrahele","ESAW",5,"Bernhardt, J.R., Sunday, J.M. and O’Connor, M.I., 2018. Metabolic theory and the temperature-size rule explain the temperature dependence of population carrying capacity. The American naturalist, 192(6), pp.687-697."
"50",381.96912973549,6130.55732475414,5,"Hours","N","Tetraselmis tetrahele","ESAW",5,"Bernhardt, J.R., Sunday, J.M. and O’Connor, M.I., 2018. Metabolic theory and the temperature-size rule explain the temperature dependence of population carrying capacity. The American naturalist, 192(6), pp.687-697."
"51",211.035985451909,3701.47835030621,5,"Hours","N","Tetraselmis tetrahele","ESAW",5,"Bernhardt, J.R., Sunday, J.M. and O’Connor, M.I., 2018. Metabolic theory and the temperature-size rule explain the temperature dependence of population carrying capacity. The American naturalist, 192(6), pp.687-697."
"52",264.070950528154,2387.30258945539,5,"Hours","N","Tetraselmis tetrahele","ESAW",5,"Bernhardt, J.R., Sunday, J.M. and O’Connor, M.I., 2018. Metabolic theory and the temperature-size rule explain the temperature dependence of population carrying capacity. The American naturalist, 192(6), pp.687-697."
"53",46.6468092826055,-668.283935900778,5,"Hours","N","Tetraselmis tetrahele","ESAW",5,"Bernhardt, J.R., Sunday, J.M. and O’Connor, M.I., 2018. Metabolic theory and the temperature-size rule explain the temperature dependence of population carrying capacity. The American naturalist, 192(6), pp.687-697."
"54",-22.9028681472923,489.987745011575,5,"Hours","N","Tetraselmis tetrahele","ESAW",5,"Bernhardt, J.R., Sunday, J.M. and O’Connor, M.I., 2018. Metabolic theory and the temperature-size rule explain the temperature dependence of population carrying capacity. The American naturalist, 192(6), pp.687-697."
"55",8.10796462920274,1237.27132226642,8,"Hours","N","Tetraselmis tetrahele","ESAW",1,"Bernhardt, J.R., Sunday, J.M. and O’Connor, M.I., 2018. Metabolic theory and the temperature-size rule explain the temperature dependence of population carrying capacity. The American naturalist, 192(6), pp.687-697."
"56",76.2228073438572,379.573588451414,8,"Hours","N","Tetraselmis tetrahele","ESAW",1,"Bernhardt, J.R., Sunday, J.M. and O’Connor, M.I., 2018. Metabolic theory and the temperature-size rule explain the temperature dependence of population carrying capacity. The American naturalist, 192(6), pp.687-697."
"57",169.565369582458,4338.17851375147,8,"Hours","N","Tetraselmis tetrahele","ESAW",1,"Bernhardt, J.R., Sunday, J.M. and O’Connor, M.I., 2018. Metabolic theory and the temperature-size rule explain the temperature dependence of population carrying capacity. The American naturalist, 192(6), pp.687-697."
"58",245.248528154296,6383.45772515648,8,"Hours","N","Tetraselmis tetrahele","ESAW",1,"Bernhardt, J.R., Sunday, J.M. and O’Connor, M.I., 2018. Metabolic theory and the temperature-size rule explain the temperature dependence of population carrying capacity. The American naturalist, 192(6), pp.687-697."
"59",295.703967202188,8428.73693656151,8,"Hours","N","Tetraselmis tetrahele","ESAW",1,"Bernhardt, J.R., Sunday, J.M. and O’Connor, M.I., 2018. Metabolic theory and the temperature-size rule explain the temperature dependence of population carrying capacity. The American naturalist, 192(6), pp.687-697."
"60",416.797020917129,12717.2256056366,8,"Hours","N","Tetraselmis tetrahele","ESAW",1,"Bernhardt, J.R., Sunday, J.M. and O’Connor, M.I., 2018. Metabolic theory and the temperature-size rule explain the temperature dependence of population carrying capacity. The American naturalist, 192(6), pp.687-697."
"61",583.299969775174,20106.6214661967,8,"Hours","N","Tetraselmis tetrahele","ESAW",1,"Bernhardt, J.R., Sunday, J.M. and O’Connor, M.I., 2018. Metabolic theory and the temperature-size rule explain the temperature dependence of population carrying capacity. The American naturalist, 192(6), pp.687-697."
"62",747.280146680823,18589.1562448316,8,"Hours","N","Tetraselmis tetrahele","ESAW",1,"Bernhardt, J.R., Sunday, J.M. and O’Connor, M.I., 2018. Metabolic theory and the temperature-size rule explain the temperature dependence of population carrying capacity. The American naturalist, 192(6), pp.687-697."
"63",825.486077205056,19446.8539786466,8,"Hours","N","Tetraselmis tetrahele","ESAW",1,"Bernhardt, J.R., Sunday, J.M. and O’Connor, M.I., 2018. Metabolic theory and the temperature-size rule explain the temperature dependence of population carrying capacity. The American naturalist, 192(6), pp.687-697."
"64",949.101902872392,19116.9702348717,8,"Hours","N","Tetraselmis tetrahele","ESAW",1,"Bernhardt, J.R., Sunday, J.M. and O’Connor, M.I., 2018. Metabolic theory and the temperature-size rule explain the temperature dependence of population carrying capacity. The American naturalist, 192(6), pp.687-697."
"65",1014.69397363465,19908.6912199317,8,"Hours","N","Tetraselmis tetrahele","ESAW",1,"Bernhardt, J.R., Sunday, J.M. and O’Connor, M.I., 2018. Metabolic theory and the temperature-size rule explain the temperature dependence of population carrying capacity. The American naturalist, 192(6), pp.687-697."
"66",41.4128184048026,1171.2945735114,8,"Hours","N","Tetraselmis tetrahele","ESAW",2,"Bernhardt, J.R., Sunday, J.M. and O’Connor, M.I., 2018. Metabolic theory and the temperature-size rule explain the temperature dependence of population carrying capacity. The American naturalist, 192(6), pp.687-697."
"67",109.500823119964,2490.82954861142,8,"Hours","N","Tetraselmis tetrahele","ESAW",2,"Bernhardt, J.R., Sunday, J.M. and O’Connor, M.I., 2018. Metabolic theory and the temperature-size rule explain the temperature dependence of population carrying capacity. The American naturalist, 192(6), pp.687-697."
"68",203.066231219527,5261.85299632145,8,"Hours","N","Tetraselmis tetrahele","ESAW",2,"Bernhardt, J.R., Sunday, J.M. and O’Connor, M.I., 2018. Metabolic theory and the temperature-size rule explain the temperature dependence of population carrying capacity. The American naturalist, 192(6), pp.687-697."
"69",274.267745426498,8824.5974290915,8,"Hours","N","Tetraselmis tetrahele","ESAW",2,"Bernhardt, J.R., Sunday, J.M. and O’Connor, M.I., 2018. Metabolic theory and the temperature-size rule explain the temperature dependence of population carrying capacity. The American naturalist, 192(6), pp.687-697."
"70",328.834223205802,15818.1327971216,8,"Hours","N","Tetraselmis tetrahele","ESAW",2,"Bernhardt, J.R., Sunday, J.M. and O’Connor, M.I., 2018. Metabolic theory and the temperature-size rule explain the temperature dependence of population carrying capacity. The American naturalist, 192(6), pp.687-697."
"71",451.66662052837,15488.2490533466,8,"Hours","N","Tetraselmis tetrahele","ESAW",2,"Bernhardt, J.R., Sunday, J.M. and O’Connor, M.I., 2018. Metabolic theory and the temperature-size rule explain the temperature dependence of population carrying capacity. The American naturalist, 192(6), pp.687-697."
"72",779.74156355099,22745.6914163967,8,"Hours","N","Tetraselmis tetrahele","ESAW",2,"Bernhardt, J.R., Sunday, J.M. and O’Connor, M.I., 2018. Metabolic theory and the temperature-size rule explain the temperature dependence of population carrying capacity. The American naturalist, 192(6), pp.687-697."
"73",859.89219361156,22283.8541751117,8,"Hours","N","Tetraselmis tetrahele","ESAW",2,"Bernhardt, J.R., Sunday, J.M. and O’Connor, M.I., 2018. Metabolic theory and the temperature-size rule explain the temperature dependence of population carrying capacity. The American naturalist, 192(6), pp.687-697."
"74",981.835016793612,18655.1329935866,8,"Hours","N","Tetraselmis tetrahele","ESAW",2,"Bernhardt, J.R., Sunday, J.M. and O’Connor, M.I., 2018. Metabolic theory and the temperature-size rule explain the temperature dependence of population carrying capacity. The American naturalist, 192(6), pp.687-697."
"75",1045.97331232488,23933.2728939867,8,"Hours","N","Tetraselmis tetrahele","ESAW",2,"Bernhardt, J.R., Sunday, J.M. and O’Connor, M.I., 2018. Metabolic theory and the temperature-size rule explain the temperature dependence of population carrying capacity. The American naturalist, 192(6), pp.687-697."
"76",11.5479750106606,1369.40321436315,8,"Hours","N","Tetraselmis tetrahele","ESAW",3,"Bernhardt, J.R., Sunday, J.M. and O’Connor, M.I., 2018. Metabolic theory and the temperature-size rule explain the temperature dependence of population carrying capacity. The American naturalist, 192(6), pp.687-697."
"77",81.788749145873,583.257729197925,8,"Hours","N","Tetraselmis tetrahele","ESAW",3,"Bernhardt, J.R., Sunday, J.M. and O’Connor, M.I., 2018. Metabolic theory and the temperature-size rule explain the temperature dependence of population carrying capacity. The American naturalist, 192(6), pp.687-697."
"78",177.115514043659,3465.79117480373,8,"Hours","N","Tetraselmis tetrahele","ESAW",3,"Bernhardt, J.R., Sunday, J.M. and O’Connor, M.I., 2018. Metabolic theory and the temperature-size rule explain the temperature dependence of population carrying capacity. The American naturalist, 192(6), pp.687-697."
"79",247.356288178872,6282.81249664577,8,"Hours","N","Tetraselmis tetrahele","ESAW",3,"Bernhardt, J.R., Sunday, J.M. and O’Connor, M.I., 2018. Metabolic theory and the temperature-size rule explain the temperature dependence of population carrying capacity. The American naturalist, 192(6), pp.687-697."
"80",300.036868780281,10213.5399224719,8,"Hours","N","Tetraselmis tetrahele","ESAW",3,"Bernhardt, J.R., Sunday, J.M. and O’Connor, M.I., 2018. Metabolic theory and the temperature-size rule explain the temperature dependence of population carrying capacity. The American naturalist, 192(6), pp.687-697."
"81",420.449624440643,11589.294521511,8,"Hours","N","Tetraselmis tetrahele","ESAW",3,"Bernhardt, J.R., Sunday, J.M. and O’Connor, M.I., 2018. Metabolic theory and the temperature-size rule explain the temperature dependence of population carrying capacity. The American naturalist, 192(6), pp.687-697."
"82",586.017163473643,18009.4826503603,8,"Hours","N","Tetraselmis tetrahele","ESAW",3,"Bernhardt, J.R., Sunday, J.M. and O’Connor, M.I., 2018. Metabolic theory and the temperature-size rule explain the temperature dependence of population carrying capacity. The American naturalist, 192(6), pp.687-697."
"83",751.584702506641,13358.1218631328,8,"Hours","N","Tetraselmis tetrahele","ESAW",3,"Bernhardt, J.R., Sunday, J.M. and O’Connor, M.I., 2018. Metabolic theory and the temperature-size rule explain the temperature dependence of population carrying capacity. The American naturalist, 192(6), pp.687-697."
"84",829.351273870626,18599.0917642342,8,"Hours","N","Tetraselmis tetrahele","ESAW",3,"Bernhardt, J.R., Sunday, J.M. and O’Connor, M.I., 2018. Metabolic theory and the temperature-size rule explain the temperature dependence of population carrying capacity. The American naturalist, 192(6), pp.687-697."
"85",952.272628607246,20629.967600911,8,"Hours","N","Tetraselmis tetrahele","ESAW",3,"Bernhardt, J.R., Sunday, J.M. and O’Connor, M.I., 2018. Metabolic theory and the temperature-size rule explain the temperature dependence of population carrying capacity. The American naturalist, 192(6), pp.687-697."
"86",1012.47900643743,23971.0859128632,8,"Hours","N","Tetraselmis tetrahele","ESAW",3,"Bernhardt, J.R., Sunday, J.M. and O’Connor, M.I., 2018. Metabolic theory and the temperature-size rule explain the temperature dependence of population carrying capacity. The American naturalist, 192(6), pp.687-697."
"87",13.1027252457075,1237.2713222665,8,"Hours","N","Tetraselmis tetrahele","ESAW",4,"Bernhardt, J.R., Sunday, J.M. and O’Connor, M.I., 2018. Metabolic theory and the temperature-size rule explain the temperature dependence of population carrying capacity. The American naturalist, 192(6), pp.687-697."
"88",80.8349003046626,247.620090941506,8,"Hours","N","Tetraselmis tetrahele","ESAW",4,"Bernhardt, J.R., Sunday, J.M. and O’Connor, M.I., 2018. Metabolic theory and the temperature-size rule explain the temperature dependence of population carrying capacity. The American naturalist, 192(6), pp.687-697."
"89",178.670264278707,1699.10856355153,8,"Hours","N","Tetraselmis tetrahele","ESAW",4,"Bernhardt, J.R., Sunday, J.M. and O’Connor, M.I., 2018. Metabolic theory and the temperature-size rule explain the temperature dependence of population carrying capacity. The American naturalist, 192(6), pp.687-697."
"90",243.893840261404,6251.50422764658,8,"Hours","N","Tetraselmis tetrahele","ESAW",4,"Bernhardt, J.R., Sunday, J.M. and O’Connor, M.I., 2018. Metabolic theory and the temperature-size rule explain the temperature dependence of population carrying capacity. The American naturalist, 192(6), pp.687-697."
"91",301.591619015328,7439.0857052366,8,"Hours","N","Tetraselmis tetrahele","ESAW",4,"Bernhardt, J.R., Sunday, J.M. and O’Connor, M.I., 2018. Metabolic theory and the temperature-size rule explain the temperature dependence of population carrying capacity. The American naturalist, 192(6), pp.687-697."
"92",422.004374675691,11661.5976255567,8,"Hours","N","Tetraselmis tetrahele","ESAW",4,"Bernhardt, J.R., Sunday, J.M. and O’Connor, M.I., 2018. Metabolic theory and the temperature-size rule explain the temperature dependence of population carrying capacity. The American naturalist, 192(6), pp.687-697."
"93",748.122254589174,19842.7144711768,8,"Hours","N","Tetraselmis tetrahele","ESAW",4,"Bernhardt, J.R., Sunday, J.M. and O’Connor, M.I., 2018. Metabolic theory and the temperature-size rule explain the temperature dependence of population carrying capacity. The American naturalist, 192(6), pp.687-697."
"94",585.063314632432,21030.2959487668,8,"Hours","N","Tetraselmis tetrahele","ESAW",4,"Bernhardt, J.R., Sunday, J.M. and O’Connor, M.I., 2018. Metabolic theory and the temperature-size rule explain the temperature dependence of population carrying capacity. The American naturalist, 192(6), pp.687-697."
"95",828.397425029415,17731.4585110168,8,"Hours","N","Tetraselmis tetrahele","ESAW",4,"Bernhardt, J.R., Sunday, J.M. and O’Connor, M.I., 2018. Metabolic theory and the temperature-size rule explain the temperature dependence of population carrying capacity. The American naturalist, 192(6), pp.687-697."
"96",951.318779766037,17137.6677722218,8,"Hours","N","Tetraselmis tetrahele","ESAW",4,"Bernhardt, J.R., Sunday, J.M. and O’Connor, M.I., 2018. Metabolic theory and the temperature-size rule explain the temperature dependence of population carrying capacity. The American naturalist, 192(6), pp.687-697."
"97",1011.52515759622,20370.5284612168,8,"Hours","N","Tetraselmis tetrahele","ESAW",4,"Bernhardt, J.R., Sunday, J.M. and O’Connor, M.I., 2018. Metabolic theory and the temperature-size rule explain the temperature dependence of population carrying capacity. The American naturalist, 192(6), pp.687-697."
"98",12.1488764044964,1171.29457351126,8,"Hours","N","Tetraselmis tetrahele","ESAW",5,"Bernhardt, J.R., Sunday, J.M. and O’Connor, M.I., 2018. Metabolic theory and the temperature-size rule explain the temperature dependence of population carrying capacity. The American naturalist, 192(6), pp.687-697."
"99",79.8810514634501,181.643342186246,8,"Hours","N","Tetraselmis tetrahele","ESAW",5,"Bernhardt, J.R., Sunday, J.M. and O’Connor, M.I., 2018. Metabolic theory and the temperature-size rule explain the temperature dependence of population carrying capacity. The American naturalist, 192(6), pp.687-697."
"100",175.207816361237,3414.50403118129,8,"Hours","N","Tetraselmis tetrahele","ESAW",5,"Bernhardt, J.R., Sunday, J.M. and O’Connor, M.I., 2018. Metabolic theory and the temperature-size rule explain the temperature dependence of population carrying capacity. The American naturalist, 192(6), pp.687-697."
"101",245.44859049645,10737.9231429864,8,"Hours","N","Tetraselmis tetrahele","ESAW",5,"Bernhardt, J.R., Sunday, J.M. and O’Connor, M.I., 2018. Metabolic theory and the temperature-size rule explain the temperature dependence of population carrying capacity. The American naturalist, 192(6), pp.687-697."
"102",300.637770174116,9682.29516290637,8,"Hours","N","Tetraselmis tetrahele","ESAW",5,"Bernhardt, J.R., Sunday, J.M. and O’Connor, M.I., 2018. Metabolic theory and the temperature-size rule explain the temperature dependence of population carrying capacity. The American naturalist, 192(6), pp.687-697."
"103",418.54192675822,13442.9698419414,8,"Hours","N","Tetraselmis tetrahele","ESAW",5,"Bernhardt, J.R., Sunday, J.M. and O’Connor, M.I., 2018. Metabolic theory and the temperature-size rule explain the temperature dependence of population carrying capacity. The American naturalist, 192(6), pp.687-697."
"104",584.10946579122,19710.7609736665,8,"Hours","N","Tetraselmis tetrahele","ESAW",5,"Bernhardt, J.R., Sunday, J.M. and O’Connor, M.I., 2018. Metabolic theory and the temperature-size rule explain the temperature dependence of population carrying capacity. The American naturalist, 192(6), pp.687-697."
"105",749.677004824219,18853.0632398515,8,"Hours","N","Tetraselmis tetrahele","ESAW",5,"Bernhardt, J.R., Sunday, J.M. and O’Connor, M.I., 2018. Metabolic theory and the temperature-size rule explain the temperature dependence of population carrying capacity. The American naturalist, 192(6), pp.687-697."
"106",827.443576188202,17467.5515159964,8,"Hours","N","Tetraselmis tetrahele","ESAW",5,"Bernhardt, J.R., Sunday, J.M. and O’Connor, M.I., 2018. Metabolic theory and the temperature-size rule explain the temperature dependence of population carrying capacity. The American naturalist, 192(6), pp.687-697."
"107",947.856331848565,20502.4819587265,8,"Hours","N","Tetraselmis tetrahele","ESAW",5,"Bernhardt, J.R., Sunday, J.M. and O’Connor, M.I., 2018. Metabolic theory and the temperature-size rule explain the temperature dependence of population carrying capacity. The American naturalist, 192(6), pp.687-697."
"108",1010.571308755,21756.0401850715,8,"Hours","N","Tetraselmis tetrahele","ESAW",5,"Bernhardt, J.R., Sunday, J.M. and O’Connor, M.I., 2018. Metabolic theory and the temperature-size rule explain the temperature dependence of population carrying capacity. The American naturalist, 192(6), pp.687-697."
"109",13.9169095221953,1183.86816923108,16,"Hours","N","Tetraselmis tetrahele","ESAW",1,"Bernhardt, J.R., Sunday, J.M. and O’Connor, M.I., 2018. Metabolic theory and the temperature-size rule explain the temperature dependence of population carrying capacity. The American naturalist, 192(6), pp.687-697."
"110",81.8210652783333,1808.32224874983,16,"Hours","N","Tetraselmis tetrahele","ESAW",1,"Bernhardt, J.R., Sunday, J.M. and O’Connor, M.I., 2018. Metabolic theory and the temperature-size rule explain the temperature dependence of population carrying capacity. The American naturalist, 192(6), pp.687-697."
"111",174.276331597917,10996.6229224487,16,"Hours","N","Tetraselmis tetrahele","ESAW",1,"Bernhardt, J.R., Sunday, J.M. and O’Connor, M.I., 2018. Metabolic theory and the temperature-size rule explain the temperature dependence of population carrying capacity. The American naturalist, 192(6), pp.687-697."
"112",247.400881057268,18336.0105022784,16,"Hours","N","Tetraselmis tetrahele","ESAW",1,"Bernhardt, J.R., Sunday, J.M. and O’Connor, M.I., 2018. Metabolic theory and the temperature-size rule explain the temperature dependence of population carrying capacity. The American naturalist, 192(6), pp.687-697."
"113",299.962240402768,19675.5269986328,16,"Hours","N","Tetraselmis tetrahele","ESAW",1,"Bernhardt, J.R., Sunday, J.M. and O’Connor, M.I., 2018. Metabolic theory and the temperature-size rule explain the temperature dependence of population carrying capacity. The American naturalist, 192(6), pp.687-697."
"114",419.947136563876,14149.2847739458,16,"Hours","N","Tetraselmis tetrahele","ESAW",1,"Bernhardt, J.R., Sunday, J.M. and O’Connor, M.I., 2018. Metabolic theory and the temperature-size rule explain the temperature dependence of population carrying capacity. The American naturalist, 192(6), pp.687-697."
"115",512.942267563179,15942.1299945496,16,"Hours","N","Tetraselmis tetrahele","ESAW",1,"Bernhardt, J.R., Sunday, J.M. and O’Connor, M.I., 2018. Metabolic theory and the temperature-size rule explain the temperature dependence of population carrying capacity. The American naturalist, 192(6), pp.687-697."
"116",587.418502202643,16393.7903353156,16,"Hours","N","Tetraselmis tetrahele","ESAW",1,"Bernhardt, J.R., Sunday, J.M. and O’Connor, M.I., 2018. Metabolic theory and the temperature-size rule explain the temperature dependence of population carrying capacity. The American naturalist, 192(6), pp.687-697."
"117",678.521679831229,17588.9289304925,16,"Hours","N","Tetraselmis tetrahele","ESAW",1,"Bernhardt, J.R., Sunday, J.M. and O’Connor, M.I., 2018. Metabolic theory and the temperature-size rule explain the temperature dependence of population carrying capacity. The American naturalist, 192(6), pp.687-697."
"118",829.952102523027,20823.026744974,16,"Hours","N","Tetraselmis tetrahele","ESAW",1,"Bernhardt, J.R., Sunday, J.M. and O’Connor, M.I., 2018. Metabolic theory and the temperature-size rule explain the temperature dependence of population carrying capacity. The American naturalist, 192(6), pp.687-697."
"119",950.642210652783,20437.5776867672,16,"Hours","N","Tetraselmis tetrahele","ESAW",1,"Bernhardt, J.R., Sunday, J.M. and O’Connor, M.I., 2018. Metabolic theory and the temperature-size rule explain the temperature dependence of population carrying capacity. The American naturalist, 192(6), pp.687-697."
"120",748.716621082739,18265.2647710783,16,"Hours","N","Tetraselmis tetrahele","ESAW",1,"Bernhardt, J.R., Sunday, J.M. and O’Connor, M.I., 2018. Metabolic theory and the temperature-size rule explain the temperature dependence of population carrying capacity. The American naturalist, 192(6), pp.687-697."
"121",14.9784423382995,1347.0523280241,16,"Hours","N","Tetraselmis tetrahele","ESAW",2,"Bernhardt, J.R., Sunday, J.M. and O’Connor, M.I., 2018. Metabolic theory and the temperature-size rule explain the temperature dependence of population carrying capacity. The American naturalist, 192(6), pp.687-697."
"122",84.0121742692338,742.231579387357,16,"Hours","N","Tetraselmis tetrahele","ESAW",2,"Bernhardt, J.R., Sunday, J.M. and O’Connor, M.I., 2018. Metabolic theory and the temperature-size rule explain the temperature dependence of population carrying capacity. The American naturalist, 192(6), pp.687-697."
"123",179.527032498059,5781.25599719561,16,"Hours","N","Tetraselmis tetrahele","ESAW",2,"Bernhardt, J.R., Sunday, J.M. and O’Connor, M.I., 2018. Metabolic theory and the temperature-size rule explain the temperature dependence of population carrying capacity. The American naturalist, 192(6), pp.687-697."
"124",249.216041318732,16859.3240044531,16,"Hours","N","Tetraselmis tetrahele","ESAW",2,"Bernhardt, J.R., Sunday, J.M. and O’Connor, M.I., 2018. Metabolic theory and the temperature-size rule explain the temperature dependence of population carrying capacity. The American naturalist, 192(6), pp.687-697."
"125",300.850198379622,20409.3005112775,16,"Hours","N","Tetraselmis tetrahele","ESAW",2,"Bernhardt, J.R., Sunday, J.M. and O’Connor, M.I., 2018. Metabolic theory and the temperature-size rule explain the temperature dependence of population carrying capacity. The American naturalist, 192(6), pp.687-697."
"126",421.235873276091,12405.4119803081,16,"Hours","N","Tetraselmis tetrahele","ESAW",2,"Bernhardt, J.R., Sunday, J.M. and O’Connor, M.I., 2018. Metabolic theory and the temperature-size rule explain the temperature dependence of population carrying capacity. The American naturalist, 192(6), pp.687-697."
"127",514.387602721337,13068.6814939301,16,"Hours","N","Tetraselmis tetrahele","ESAW",2,"Bernhardt, J.R., Sunday, J.M. and O’Connor, M.I., 2018. Metabolic theory and the temperature-size rule explain the temperature dependence of population carrying capacity. The American naturalist, 192(6), pp.687-697."
"128",589.284166305471,17675.5687438181,16,"Hours","N","Tetraselmis tetrahele","ESAW",2,"Bernhardt, J.R., Sunday, J.M. and O’Connor, M.I., 2018. Metabolic theory and the temperature-size rule explain the temperature dependence of population carrying capacity. The American naturalist, 192(6), pp.687-697."
"129",679.560148940411,17551.7493855131,16,"Hours","N","Tetraselmis tetrahele","ESAW",2,"Bernhardt, J.R., Sunday, J.M. and O’Connor, M.I., 2018. Metabolic theory and the temperature-size rule explain the temperature dependence of population carrying capacity. The American naturalist, 192(6), pp.687-697."
"130",750.807188343948,14052.6392778034,16,"Hours","N","Tetraselmis tetrahele","ESAW",2,"Bernhardt, J.R., Sunday, J.M. and O’Connor, M.I., 2018. Metabolic theory and the temperature-size rule explain the temperature dependence of population carrying capacity. The American naturalist, 192(6), pp.687-697."
"131",835.395396180679,16558.1277857406,16,"Hours","N","Tetraselmis tetrahele","ESAW",2,"Bernhardt, J.R., Sunday, J.M. and O’Connor, M.I., 2018. Metabolic theory and the temperature-size rule explain the temperature dependence of population carrying capacity. The American naturalist, 192(6), pp.687-697."
"132",950.8818724369,18966.1413313983,16,"Hours","N","Tetraselmis tetrahele","ESAW",2,"Bernhardt, J.R., Sunday, J.M. and O’Connor, M.I., 2018. Metabolic theory and the temperature-size rule explain the temperature dependence of population carrying capacity. The American naturalist, 192(6), pp.687-697."
"133",11.8784383022696,1250.77165365372,16,"Hours","N","Tetraselmis tetrahele","ESAW",3,"Bernhardt, J.R., Sunday, J.M. and O’Connor, M.I., 2018. Metabolic theory and the temperature-size rule explain the temperature dependence of population carrying capacity. The American naturalist, 192(6), pp.687-697."
"134",84.0601854718489,1438.2484163562,16,"Hours","N","Tetraselmis tetrahele","ESAW",3,"Bernhardt, J.R., Sunday, J.M. and O’Connor, M.I., 2018. Metabolic theory and the temperature-size rule explain the temperature dependence of population carrying capacity. The American naturalist, 192(6), pp.687-697."
"135",179.664653459791,9761.93115993905,16,"Hours","N","Tetraselmis tetrahele","ESAW",3,"Bernhardt, J.R., Sunday, J.M. and O’Connor, M.I., 2018. Metabolic theory and the temperature-size rule explain the temperature dependence of population carrying capacity. The American naturalist, 192(6), pp.687-697."
"136",251.077600157985,16175.1292250061,16,"Hours","N","Tetraselmis tetrahele","ESAW",3,"Bernhardt, J.R., Sunday, J.M. and O’Connor, M.I., 2018. Metabolic theory and the temperature-size rule explain the temperature dependence of population carrying capacity. The American naturalist, 192(6), pp.687-697."
"137",300.725924484421,20578.798221732,16,"Hours","N","Tetraselmis tetrahele","ESAW",3,"Bernhardt, J.R., Sunday, J.M. and O’Connor, M.I., 2018. Metabolic theory and the temperature-size rule explain the temperature dependence of population carrying capacity. The American naturalist, 192(6), pp.687-697."
"138",421.716218632833,16634.9992579552,16,"Hours","N","Tetraselmis tetrahele","ESAW",3,"Bernhardt, J.R., Sunday, J.M. and O’Connor, M.I., 2018. Metabolic theory and the temperature-size rule explain the temperature dependence of population carrying capacity. The American naturalist, 192(6), pp.687-697."
"139",514.057946854267,14067.551763429,16,"Hours","N","Tetraselmis tetrahele","ESAW",3,"Bernhardt, J.R., Sunday, J.M. and O’Connor, M.I., 2018. Metabolic theory and the temperature-size rule explain the temperature dependence of population carrying capacity. The American naturalist, 192(6), pp.687-697."
"140",588.769379521889,18872.8244628238,16,"Hours","N","Tetraselmis tetrahele","ESAW",3,"Bernhardt, J.R., Sunday, J.M. and O’Connor, M.I., 2018. Metabolic theory and the temperature-size rule explain the temperature dependence of population carrying capacity. The American naturalist, 192(6), pp.687-697."
"141",678.975664018574,19256.7272574217,16,"Hours","N","Tetraselmis tetrahele","ESAW",3,"Bernhardt, J.R., Sunday, J.M. and O’Connor, M.I., 2018. Metabolic theory and the temperature-size rule explain the temperature dependence of population carrying capacity. The American naturalist, 192(6), pp.687-697."
"142",751.232393941567,18250.6798238838,16,"Hours","N","Tetraselmis tetrahele","ESAW",3,"Bernhardt, J.R., Sunday, J.M. and O’Connor, M.I., 2018. Metabolic theory and the temperature-size rule explain the temperature dependence of population carrying capacity. The American naturalist, 192(6), pp.687-697."
"143",830.839026075781,18939.4322032114,16,"Hours","N","Tetraselmis tetrahele","ESAW",3,"Bernhardt, J.R., Sunday, J.M. and O’Connor, M.I., 2018. Metabolic theory and the temperature-size rule explain the temperature dependence of population carrying capacity. The American naturalist, 192(6), pp.687-697."
"144",950.929883639516,13035.1317874204,16,"Hours","N","Tetraselmis tetrahele","ESAW",3,"Bernhardt, J.R., Sunday, J.M. and O’Connor, M.I., 2018. Metabolic theory and the temperature-size rule explain the temperature dependence of population carrying capacity. The American naturalist, 192(6), pp.687-697."
"145",1014.24465708665,14410.1058568512,16,"Hours","N","Tetraselmis tetrahele","ESAW",3,"Bernhardt, J.R., Sunday, J.M. and O’Connor, M.I., 2018. Metabolic theory and the temperature-size rule explain the temperature dependence of population carrying capacity. The American naturalist, 192(6), pp.687-697."
"146",101.492075036721,773.68482476144,16,"Hours","N","Tetraselmis tetrahele","ESAW",4,"Bernhardt, J.R., Sunday, J.M. and O’Connor, M.I., 2018. Metabolic theory and the temperature-size rule explain the temperature dependence of population carrying capacity. The American naturalist, 192(6), pp.687-697."
"147",271.619791707587,18346.2462888159,16,"Hours","N","Tetraselmis tetrahele","ESAW",4,"Bernhardt, J.R., Sunday, J.M. and O’Connor, M.I., 2018. Metabolic theory and the temperature-size rule explain the temperature dependence of population carrying capacity. The American naturalist, 192(6), pp.687-697."
"148",324.446946582829,21928.3031718792,16,"Hours","N","Tetraselmis tetrahele","ESAW",4,"Bernhardt, J.R., Sunday, J.M. and O’Connor, M.I., 2018. Metabolic theory and the temperature-size rule explain the temperature dependence of population carrying capacity. The American naturalist, 192(6), pp.687-697."
"149",443.509277014095,17134.7394636519,16,"Hours","N","Tetraselmis tetrahele","ESAW",4,"Bernhardt, J.R., Sunday, J.M. and O’Connor, M.I., 2018. Metabolic theory and the temperature-size rule explain the temperature dependence of population carrying capacity. The American naturalist, 192(6), pp.687-697."
"150",537.000933449821,19795.8174367671,16,"Hours","N","Tetraselmis tetrahele","ESAW",4,"Bernhardt, J.R., Sunday, J.M. and O’Connor, M.I., 2018. Metabolic theory and the temperature-size rule explain the temperature dependence of population carrying capacity. The American naturalist, 192(6), pp.687-697."
"151",611.097051723416,16318.7203814139,16,"Hours","N","Tetraselmis tetrahele","ESAW",4,"Bernhardt, J.R., Sunday, J.M. and O’Connor, M.I., 2018. Metabolic theory and the temperature-size rule explain the temperature dependence of population carrying capacity. The American naturalist, 192(6), pp.687-697."
"152",700.767426261484,15526.6937957135,16,"Hours","N","Tetraselmis tetrahele","ESAW",4,"Bernhardt, J.R., Sunday, J.M. and O’Connor, M.I., 2018. Metabolic theory and the temperature-size rule explain the temperature dependence of population carrying capacity. The American naturalist, 192(6), pp.687-697."
"153",773.179605995751,17331.1580353062,16,"Hours","N","Tetraselmis tetrahele","ESAW",4,"Bernhardt, J.R., Sunday, J.M. and O’Connor, M.I., 2018. Metabolic theory and the temperature-size rule explain the temperature dependence of population carrying capacity. The American naturalist, 192(6), pp.687-697."
"154",853.649049897587,19985.7792522103,16,"Hours","N","Tetraselmis tetrahele","ESAW",4,"Bernhardt, J.R., Sunday, J.M. and O’Connor, M.I., 2018. Metabolic theory and the temperature-size rule explain the temperature dependence of population carrying capacity. The American naturalist, 192(6), pp.687-697."
"155",973.728150752906,20625.2135599318,16,"Hours","N","Tetraselmis tetrahele","ESAW",4,"Bernhardt, J.R., Sunday, J.M. and O’Connor, M.I., 2018. Metabolic theory and the temperature-size rule explain the temperature dependence of population carrying capacity. The American naturalist, 192(6), pp.687-697."
"156",1036.09454972117,15742.2606646044,16,"Hours","N","Tetraselmis tetrahele","ESAW",4,"Bernhardt, J.R., Sunday, J.M. and O’Connor, M.I., 2018. Metabolic theory and the temperature-size rule explain the temperature dependence of population carrying capacity. The American naturalist, 192(6), pp.687-697."
"157",28.6492947645229,1134.75177304979,16,"Hours","N","Tetraselmis tetrahele","ESAW",4,"Bernhardt, J.R., Sunday, J.M. and O’Connor, M.I., 2018. Metabolic theory and the temperature-size rule explain the temperature dependence of population carrying capacity. The American naturalist, 192(6), pp.687-697."
"158",198.020559407124,9219.85815602851,16,"Hours","N","Tetraselmis tetrahele","ESAW",4,"Bernhardt, J.R., Sunday, J.M. and O’Connor, M.I., 2018. Metabolic theory and the temperature-size rule explain the temperature dependence of population carrying capacity. The American naturalist, 192(6), pp.687-697."
"159",83.7746746968214,1706.19319018825,16,"Hours","N","Tetraselmis tetrahele","ESAW",5,"Bernhardt, J.R., Sunday, J.M. and O’Connor, M.I., 2018. Metabolic theory and the temperature-size rule explain the temperature dependence of population carrying capacity. The American naturalist, 192(6), pp.687-697."
"160",248.935418264259,18221.5487790333,16,"Hours","N","Tetraselmis tetrahele","ESAW",5,"Bernhardt, J.R., Sunday, J.M. and O’Connor, M.I., 2018. Metabolic theory and the temperature-size rule explain the temperature dependence of population carrying capacity. The American naturalist, 192(6), pp.687-697."
"161",301.024930059438,17931.8387486199,16,"Hours","N","Tetraselmis tetrahele","ESAW",5,"Bernhardt, J.R., Sunday, J.M. and O’Connor, M.I., 2018. Metabolic theory and the temperature-size rule explain the temperature dependence of population carrying capacity. The American naturalist, 192(6), pp.687-697."
"162",421.151602040473,19420.488106011,16,"Hours","N","Tetraselmis tetrahele","ESAW",5,"Bernhardt, J.R., Sunday, J.M. and O’Connor, M.I., 2018. Metabolic theory and the temperature-size rule explain the temperature dependence of population carrying capacity. The American naturalist, 192(6), pp.687-697."
"163",514.013269762943,14718.4750253124,16,"Hours","N","Tetraselmis tetrahele","ESAW",5,"Bernhardt, J.R., Sunday, J.M. and O’Connor, M.I., 2018. Metabolic theory and the temperature-size rule explain the temperature dependence of population carrying capacity. The American naturalist, 192(6), pp.687-697."
"164",678.979592207879,18939.4322032113,16,"Hours","N","Tetraselmis tetrahele","ESAW",5,"Bernhardt, J.R., Sunday, J.M. and O’Connor, M.I., 2018. Metabolic theory and the temperature-size rule explain the temperature dependence of population carrying capacity. The American naturalist, 192(6), pp.687-697."
"165",950.754557015684,16781.8171842256,16,"Hours","N","Tetraselmis tetrahele","ESAW",5,"Bernhardt, J.R., Sunday, J.M. and O’Connor, M.I., 2018. Metabolic theory and the temperature-size rule explain the temperature dependence of population carrying capacity. The American naturalist, 192(6), pp.687-697."
"166",1014.34067949188,15276.0064818905,16,"Hours","N","Tetraselmis tetrahele","ESAW",5,"Bernhardt, J.R., Sunday, J.M. and O’Connor, M.I., 2018. Metabolic theory and the temperature-size rule explain the temperature dependence of population carrying capacity. The American naturalist, 192(6), pp.687-697."
"167",177.977528089888,9929.07801418426,16,"Hours","N","Tetraselmis tetrahele","ESAW",5,"Bernhardt, J.R., Sunday, J.M. and O’Connor, M.I., 2018. Metabolic theory and the temperature-size rule explain the temperature dependence of population carrying capacity. The American naturalist, 192(6), pp.687-697."
"168",16.1797752808986,1134.7517730495,16,"Hours","N","Tetraselmis tetrahele","ESAW",5,"Bernhardt, J.R., Sunday, J.M. and O’Connor, M.I., 2018. Metabolic theory and the temperature-size rule explain the temperature dependence of population carrying capacity. The American naturalist, 192(6), pp.687-697."
"169",587.865168539326,17730.4964539006,16,"Hours","N","Tetraselmis tetrahele","ESAW",5,"Bernhardt, J.R., Sunday, J.M. and O’Connor, M.I., 2018. Metabolic theory and the temperature-size rule explain the temperature dependence of population carrying capacity. The American naturalist, 192(6), pp.687-697."
"170",749.662921348314,17446.8085106381,16,"Hours","N","Tetraselmis tetrahele","ESAW",5,"Bernhardt, J.R., Sunday, J.M. and O’Connor, M.I., 2018. Metabolic theory and the temperature-size rule explain the temperature dependence of population carrying capacity. The American naturalist, 192(6), pp.687-697."
"171",830.561797752808,18156.0283687942,16,"Hours","N","Tetraselmis tetrahele","ESAW",5,"Bernhardt, J.R., Sunday, J.M. and O’Connor, M.I., 2018. Metabolic theory and the temperature-size rule explain the temperature dependence of population carrying capacity. The American naturalist, 192(6), pp.687-697."
"172",84.6877604774447,7463.54238188779,25,"Hours","N","Tetraselmis tetrahele","ESAW",1,"Bernhardt, J.R., Sunday, J.M. and O’Connor, M.I., 2018. Metabolic theory and the temperature-size rule explain the temperature dependence of population carrying capacity. The American naturalist, 192(6), pp.687-697."
"173",178.956423165405,8615.72003733581,25,"Hours","N","Tetraselmis tetrahele","ESAW",1,"Bernhardt, J.R., Sunday, J.M. and O’Connor, M.I., 2018. Metabolic theory and the temperature-size rule explain the temperature dependence of population carrying capacity. The American naturalist, 192(6), pp.687-697."
"174",249.81268962758,4620.00896666756,25,"Hours","N","Tetraselmis tetrahele","ESAW",1,"Bernhardt, J.R., Sunday, J.M. and O’Connor, M.I., 2018. Metabolic theory and the temperature-size rule explain the temperature dependence of population carrying capacity. The American naturalist, 192(6), pp.687-697."
"175",302.219232106539,5099.08486527475,25,"Hours","N","Tetraselmis tetrahele","ESAW",1,"Bernhardt, J.R., Sunday, J.M. and O’Connor, M.I., 2018. Metabolic theory and the temperature-size rule explain the temperature dependence of population carrying capacity. The American naturalist, 192(6), pp.687-697."
"176",679.846630880538,8233.58548919632,25,"Hours","N","Tetraselmis tetrahele","ESAW",1,"Bernhardt, J.R., Sunday, J.M. and O’Connor, M.I., 2018. Metabolic theory and the temperature-size rule explain the temperature dependence of population carrying capacity. The American naturalist, 192(6), pp.687-697."
"177",751.634072192601,11019.8273536553,25,"Hours","N","Tetraselmis tetrahele","ESAW",1,"Bernhardt, J.R., Sunday, J.M. and O’Connor, M.I., 2018. Metabolic theory and the temperature-size rule explain the temperature dependence of population carrying capacity. The American naturalist, 192(6), pp.687-697."
"178",1014.83311871869,14565.0226646591,25,"Hours","N","Tetraselmis tetrahele","ESAW",1,"Bernhardt, J.R., Sunday, J.M. and O’Connor, M.I., 2018. Metabolic theory and the temperature-size rule explain the temperature dependence of population carrying capacity. The American naturalist, 192(6), pp.687-697."
"179",16.1797752808988,1267.60563380283,25,"Hours","N","Tetraselmis tetrahele","ESAW",1,"Bernhardt, J.R., Sunday, J.M. and O’Connor, M.I., 2018. Metabolic theory and the temperature-size rule explain the temperature dependence of population carrying capacity. The American naturalist, 192(6), pp.687-697."
"180",420.674157303371,10563.3802816901,25,"Hours","N","Tetraselmis tetrahele","ESAW",1,"Bernhardt, J.R., Sunday, J.M. and O’Connor, M.I., 2018. Metabolic theory and the temperature-size rule explain the temperature dependence of population carrying capacity. The American naturalist, 192(6), pp.687-697."
"181",517.752808988764,10985.9154929578,25,"Hours","N","Tetraselmis tetrahele","ESAW",1,"Bernhardt, J.R., Sunday, J.M. and O’Connor, M.I., 2018. Metabolic theory and the temperature-size rule explain the temperature dependence of population carrying capacity. The American naturalist, 192(6), pp.687-697."
"182",593.258426966292,11549.2957746479,25,"Hours","N","Tetraselmis tetrahele","ESAW",1,"Bernhardt, J.R., Sunday, J.M. and O’Connor, M.I., 2018. Metabolic theory and the temperature-size rule explain the temperature dependence of population carrying capacity. The American naturalist, 192(6), pp.687-697."
"183",830.561797752809,12816.9014084507,25,"Hours","N","Tetraselmis tetrahele","ESAW",1,"Bernhardt, J.R., Sunday, J.M. and O’Connor, M.I., 2018. Metabolic theory and the temperature-size rule explain the temperature dependence of population carrying capacity. The American naturalist, 192(6), pp.687-697."
"184",954.606741573034,11690.1408450704,25,"Hours","N","Tetraselmis tetrahele","ESAW",1,"Bernhardt, J.R., Sunday, J.M. and O’Connor, M.I., 2018. Metabolic theory and the temperature-size rule explain the temperature dependence of population carrying capacity. The American naturalist, 192(6), pp.687-697."
"185",84.367394816366,6397.74664378492,25,"Hours","N","Tetraselmis tetrahele","ESAW",2,"Bernhardt, J.R., Sunday, J.M. and O’Connor, M.I., 2018. Metabolic theory and the temperature-size rule explain the temperature dependence of population carrying capacity. The American naturalist, 192(6), pp.687-697."
"186",179.004434368019,6033.48976857406,25,"Hours","N","Tetraselmis tetrahele","ESAW",2,"Bernhardt, J.R., Sunday, J.M. and O’Connor, M.I., 2018. Metabolic theory and the temperature-size rule explain the temperature dependence of population carrying capacity. The American naturalist, 192(6), pp.687-697."
"187",250.010780293179,5619.04160616202,25,"Hours","N","Tetraselmis tetrahele","ESAW",2,"Bernhardt, J.R., Sunday, J.M. and O’Connor, M.I., 2018. Metabolic theory and the temperature-size rule explain the temperature dependence of population carrying capacity. The American naturalist, 192(6), pp.687-697."
"188",421.90485956157,5612.75785706885,25,"Hours","N","Tetraselmis tetrahele","ESAW",2,"Bernhardt, J.R., Sunday, J.M. and O’Connor, M.I., 2018. Metabolic theory and the temperature-size rule explain the temperature dependence of population carrying capacity. The American naturalist, 192(6), pp.687-697."
"189",514.387602721337,10422.9788120152,25,"Hours","N","Tetraselmis tetrahele","ESAW",2,"Bernhardt, J.R., Sunday, J.M. and O’Connor, M.I., 2018. Metabolic theory and the temperature-size rule explain the temperature dependence of population carrying capacity. The American naturalist, 192(6), pp.687-697."
"190",589.227886506852,8192.52248477581,25,"Hours","N","Tetraselmis tetrahele","ESAW",2,"Bernhardt, J.R., Sunday, J.M. and O’Connor, M.I., 2018. Metabolic theory and the temperature-size rule explain the temperature dependence of population carrying capacity. The American naturalist, 192(6), pp.687-697."
"191",679.894642083153,9282.46732748281,25,"Hours","N","Tetraselmis tetrahele","ESAW",2,"Bernhardt, J.R., Sunday, J.M. and O’Connor, M.I., 2018. Metabolic theory and the temperature-size rule explain the temperature dependence of population carrying capacity. The American naturalist, 192(6), pp.687-697."
"192",751.46378599451,8949.42862554455,25,"Hours","N","Tetraselmis tetrahele","ESAW",2,"Bernhardt, J.R., Sunday, J.M. and O’Connor, M.I., 2018. Metabolic theory and the temperature-size rule explain the temperature dependence of population carrying capacity. The American naturalist, 192(6), pp.687-697."
"193",830.041104829221,13861.7494791338,25,"Hours","N","Tetraselmis tetrahele","ESAW",2,"Bernhardt, J.R., Sunday, J.M. and O’Connor, M.I., 2018. Metabolic theory and the temperature-size rule explain the temperature dependence of population carrying capacity. The American naturalist, 192(6), pp.687-697."
"194",950.881872436902,13178.4358617359,25,"Hours","N","Tetraselmis tetrahele","ESAW",2,"Bernhardt, J.R., Sunday, J.M. and O’Connor, M.I., 2018. Metabolic theory and the temperature-size rule explain the temperature dependence of population carrying capacity. The American naturalist, 192(6), pp.687-697."
"195",302.022471910112,4822.69503546099,25,"Hours","N","Tetraselmis tetrahele","ESAW",2,"Bernhardt, J.R., Sunday, J.M. and O’Connor, M.I., 2018. Metabolic theory and the temperature-size rule explain the temperature dependence of population carrying capacity. The American naturalist, 192(6), pp.687-697."
"196",10.7865168539327,1134.75177304968,25,"Hours","N","Tetraselmis tetrahele","ESAW",2,"Bernhardt, J.R., Sunday, J.M. and O’Connor, M.I., 2018. Metabolic theory and the temperature-size rule explain the temperature dependence of population carrying capacity. The American naturalist, 192(6), pp.687-697."
"197",1019.32584269663,11489.3617021276,25,"Hours","N","Tetraselmis tetrahele","ESAW",2,"Bernhardt, J.R., Sunday, J.M. and O’Connor, M.I., 2018. Metabolic theory and the temperature-size rule explain the temperature dependence of population carrying capacity. The American naturalist, 192(6), pp.687-697."
"198",84.4219841772601,7012.38215644014,25,"Hours","N","Tetraselmis tetrahele","ESAW",3,"Bernhardt, J.R., Sunday, J.M. and O’Connor, M.I., 2018. Metabolic theory and the temperature-size rule explain the temperature dependence of population carrying capacity. The American naturalist, 192(6), pp.687-697."
"199",178.489647584436,7572.19877126261,25,"Hours","N","Tetraselmis tetrahele","ESAW",3,"Bernhardt, J.R., Sunday, J.M. and O’Connor, M.I., 2018. Metabolic theory and the temperature-size rule explain the temperature dependence of population carrying capacity. The American naturalist, 192(6), pp.687-697."
"200",514.679582811746,8535.41833683517,25,"Hours","N","Tetraselmis tetrahele","ESAW",3,"Bernhardt, J.R., Sunday, J.M. and O’Connor, M.I., 2018. Metabolic theory and the temperature-size rule explain the temperature dependence of population carrying capacity. The American naturalist, 192(6), pp.687-697."
"201",589.332177508084,7822.05597581535,25,"Hours","N","Tetraselmis tetrahele","ESAW",3,"Bernhardt, J.R., Sunday, J.M. and O’Connor, M.I., 2018. Metabolic theory and the temperature-size rule explain the temperature dependence of population carrying capacity. The American naturalist, 192(6), pp.687-697."
"202",751.417997532757,13245.4270628718,25,"Hours","N","Tetraselmis tetrahele","ESAW",3,"Bernhardt, J.R., Sunday, J.M. and O’Connor, M.I., 2018. Metabolic theory and the temperature-size rule explain the temperature dependence of population carrying capacity. The American naturalist, 192(6), pp.687-697."
"203",829.733895484704,14074.2314692037,25,"Hours","N","Tetraselmis tetrahele","ESAW",3,"Bernhardt, J.R., Sunday, J.M. and O’Connor, M.I., 2018. Metabolic theory and the temperature-size rule explain the temperature dependence of population carrying capacity. The American naturalist, 192(6), pp.687-697."
"204",951.285334999219,9156.04591157757,25,"Hours","N","Tetraselmis tetrahele","ESAW",3,"Bernhardt, J.R., Sunday, J.M. and O’Connor, M.I., 2018. Metabolic theory and the temperature-size rule explain the temperature dependence of population carrying capacity. The American naturalist, 192(6), pp.687-697."
"205",1014.80745507285,11790.3762834176,25,"Hours","N","Tetraselmis tetrahele","ESAW",3,"Bernhardt, J.R., Sunday, J.M. and O’Connor, M.I., 2018. Metabolic theory and the temperature-size rule explain the temperature dependence of population carrying capacity. The American naturalist, 192(6), pp.687-697."
"206",16.1797752808986,1267.60563380283,25,"Hours","N","Tetraselmis tetrahele","ESAW",3,"Bernhardt, J.R., Sunday, J.M. and O’Connor, M.I., 2018. Metabolic theory and the temperature-size rule explain the temperature dependence of population carrying capacity. The American naturalist, 192(6), pp.687-697."
"207",248.089887640449,5915.49295774651,25,"Hours","N","Tetraselmis tetrahele","ESAW",3,"Bernhardt, J.R., Sunday, J.M. and O’Connor, M.I., 2018. Metabolic theory and the temperature-size rule explain the temperature dependence of population carrying capacity. The American naturalist, 192(6), pp.687-697."
"208",302.022471910112,6338.0281690141,25,"Hours","N","Tetraselmis tetrahele","ESAW",3,"Bernhardt, J.R., Sunday, J.M. and O’Connor, M.I., 2018. Metabolic theory and the temperature-size rule explain the temperature dependence of population carrying capacity. The American naturalist, 192(6), pp.687-697."
"209",420.674157303371,8873.23943661974,25,"Hours","N","Tetraselmis tetrahele","ESAW",3,"Bernhardt, J.R., Sunday, J.M. and O’Connor, M.I., 2018. Metabolic theory and the temperature-size rule explain the temperature dependence of population carrying capacity. The American naturalist, 192(6), pp.687-697."
"210",679.550561797753,10845.0704225352,25,"Hours","N","Tetraselmis tetrahele","ESAW",3,"Bernhardt, J.R., Sunday, J.M. and O’Connor, M.I., 2018. Metabolic theory and the temperature-size rule explain the temperature dependence of population carrying capacity. The American naturalist, 192(6), pp.687-697."
"211",83.3582866305167,5684.24079738533,25,"Hours","N","Tetraselmis tetrahele","ESAW",4,"Bernhardt, J.R., Sunday, J.M. and O’Connor, M.I., 2018. Metabolic theory and the temperature-size rule explain the temperature dependence of population carrying capacity. The American naturalist, 192(6), pp.687-697."
"212",178.53765878705,6964.27089319831,25,"Hours","N","Tetraselmis tetrahele","ESAW",4,"Bernhardt, J.R., Sunday, J.M. and O’Connor, M.I., 2018. Metabolic theory and the temperature-size rule explain the temperature dependence of population carrying capacity. The American naturalist, 192(6), pp.687-697."
"213",249.992903105963,4408.34586327494,25,"Hours","N","Tetraselmis tetrahele","ESAW",4,"Bernhardt, J.R., Sunday, J.M. and O’Connor, M.I., 2018. Metabolic theory and the temperature-size rule explain the temperature dependence of population carrying capacity. The American naturalist, 192(6), pp.687-697."
"214",588.817390724503,10671.745393074,25,"Hours","N","Tetraselmis tetrahele","ESAW",4,"Bernhardt, J.R., Sunday, J.M. and O’Connor, M.I., 2018. Metabolic theory and the temperature-size rule explain the temperature dependence of population carrying capacity. The American naturalist, 192(6), pp.687-697."
"215",751.279338116188,14036.9875890781,25,"Hours","N","Tetraselmis tetrahele","ESAW",4,"Bernhardt, J.R., Sunday, J.M. and O’Connor, M.I., 2018. Metabolic theory and the temperature-size rule explain the temperature dependence of population carrying capacity. The American naturalist, 192(6), pp.687-697."
"216",1014.29266828927,10941.9183625116,25,"Hours","N","Tetraselmis tetrahele","ESAW",4,"Bernhardt, J.R., Sunday, J.M. and O’Connor, M.I., 2018. Metabolic theory and the temperature-size rule explain the temperature dependence of population carrying capacity. The American naturalist, 192(6), pp.687-697."
"217",16.1797752808986,610.407203761279,25,"Hours","N","Tetraselmis tetrahele","ESAW",4,"Bernhardt, J.R., Sunday, J.M. and O’Connor, M.I., 2018. Metabolic theory and the temperature-size rule explain the temperature dependence of population carrying capacity. The American naturalist, 192(6), pp.687-697."
"218",302.022471910113,6951.15148617423,25,"Hours","N","Tetraselmis tetrahele","ESAW",4,"Bernhardt, J.R., Sunday, J.M. and O’Connor, M.I., 2018. Metabolic theory and the temperature-size rule explain the temperature dependence of population carrying capacity. The American naturalist, 192(6), pp.687-697."
"219",420.674157303371,10905.2514144554,25,"Hours","N","Tetraselmis tetrahele","ESAW",4,"Bernhardt, J.R., Sunday, J.M. and O’Connor, M.I., 2018. Metabolic theory and the temperature-size rule explain the temperature dependence of population carrying capacity. The American naturalist, 192(6), pp.687-697."
"220",517.752808988765,11883.8154434617,25,"Hours","N","Tetraselmis tetrahele","ESAW",4,"Bernhardt, J.R., Sunday, J.M. and O’Connor, M.I., 2018. Metabolic theory and the temperature-size rule explain the temperature dependence of population carrying capacity. The American naturalist, 192(6), pp.687-697."
"221",679.550561797754,12852.8169575265,25,"Hours","N","Tetraselmis tetrahele","ESAW",4,"Bernhardt, J.R., Sunday, J.M. and O’Connor, M.I., 2018. Metabolic theory and the temperature-size rule explain the temperature dependence of population carrying capacity. The American naturalist, 192(6), pp.687-697."
"222",749.662921348316,13126.1455096024,25,"Hours","N","Tetraselmis tetrahele","ESAW",4,"Bernhardt, J.R., Sunday, J.M. and O’Connor, M.I., 2018. Metabolic theory and the temperature-size rule explain the temperature dependence of population carrying capacity. The American naturalist, 192(6), pp.687-697."
"223",830.56179775281,13114.1923659256,25,"Hours","N","Tetraselmis tetrahele","ESAW",4,"Bernhardt, J.R., Sunday, J.M. and O’Connor, M.I., 2018. Metabolic theory and the temperature-size rule explain the temperature dependence of population carrying capacity. The American naturalist, 192(6), pp.687-697."
"224",949.213483146069,11820.0653438521,25,"Hours","N","Tetraselmis tetrahele","ESAW",4,"Bernhardt, J.R., Sunday, J.M. and O’Connor, M.I., 2018. Metabolic theory and the temperature-size rule explain the temperature dependence of population carrying capacity. The American naturalist, 192(6), pp.687-697."
"225",949.213483146069,11394.5334289585,25,"Hours","N","Tetraselmis tetrahele","ESAW",4,"Bernhardt, J.R., Sunday, J.M. and O’Connor, M.I., 2018. Metabolic theory and the temperature-size rule explain the temperature dependence of population carrying capacity. The American naturalist, 192(6), pp.687-697."
"226",249.498216250456,6410.04782403621,25,"Hours","N","Tetraselmis tetrahele","ESAW",5,"Bernhardt, J.R., Sunday, J.M. and O’Connor, M.I., 2018. Metabolic theory and the temperature-size rule explain the temperature dependence of population carrying capacity. The American naturalist, 192(6), pp.687-697."
"227",302.037966434591,9254.52607742492,25,"Hours","N","Tetraselmis tetrahele","ESAW",5,"Bernhardt, J.R., Sunday, J.M. and O’Connor, M.I., 2018. Metabolic theory and the temperature-size rule explain the temperature dependence of population carrying capacity. The American naturalist, 192(6), pp.687-697."
"228",514.36900056554,9659.9345808911,25,"Hours","N","Tetraselmis tetrahele","ESAW",5,"Bernhardt, J.R., Sunday, J.M. and O’Connor, M.I., 2018. Metabolic theory and the temperature-size rule explain the temperature dependence of population carrying capacity. The American naturalist, 192(6), pp.687-697."
"229",588.865401927116,10019.3296276173,25,"Hours","N","Tetraselmis tetrahele","ESAW",5,"Bernhardt, J.R., Sunday, J.M. and O’Connor, M.I., 2018. Metabolic theory and the temperature-size rule explain the temperature dependence of population carrying capacity. The American naturalist, 192(6), pp.687-697."
"230",680.038675690994,15310.4233710871,25,"Hours","N","Tetraselmis tetrahele","ESAW",5,"Bernhardt, J.R., Sunday, J.M. and O’Connor, M.I., 2018. Metabolic theory and the temperature-size rule explain the temperature dependence of population carrying capacity. The American naturalist, 192(6), pp.687-697."
"231",751.514019937984,11819.7712486591,25,"Hours","N","Tetraselmis tetrahele","ESAW",5,"Bernhardt, J.R., Sunday, J.M. and O’Connor, M.I., 2018. Metabolic theory and the temperature-size rule explain the temperature dependence of population carrying capacity. The American naturalist, 192(6), pp.687-697."
"232",830.004239084356,12875.1029918383,25,"Hours","N","Tetraselmis tetrahele","ESAW",5,"Bernhardt, J.R., Sunday, J.M. and O’Connor, M.I., 2018. Metabolic theory and the temperature-size rule explain the temperature dependence of population carrying capacity. The American naturalist, 192(6), pp.687-697."
"233",420.67415730337,11549.2957746479,25,"Hours","N","Tetraselmis tetrahele","ESAW",5,"Bernhardt, J.R., Sunday, J.M. and O’Connor, M.I., 2018. Metabolic theory and the temperature-size rule explain the temperature dependence of population carrying capacity. The American naturalist, 192(6), pp.687-697."
"234",1013.93258426966,11408.4507042254,25,"Hours","N","Tetraselmis tetrahele","ESAW",5,"Bernhardt, J.R., Sunday, J.M. and O’Connor, M.I., 2018. Metabolic theory and the temperature-size rule explain the temperature dependence of population carrying capacity. The American naturalist, 192(6), pp.687-697."
"235",80.8988764044946,6197.18309859154,25,"Hours","N","Tetraselmis tetrahele","ESAW",5,"Bernhardt, J.R., Sunday, J.M. and O’Connor, M.I., 2018. Metabolic theory and the temperature-size rule explain the temperature dependence of population carrying capacity. The American naturalist, 192(6), pp.687-697."
"236",10.7865168539327,1267.6056338028,25,"Hours","N","Tetraselmis tetrahele","ESAW",5,"Bernhardt, J.R., Sunday, J.M. and O’Connor, M.I., 2018. Metabolic theory and the temperature-size rule explain the temperature dependence of population carrying capacity. The American naturalist, 192(6), pp.687-697."
"237",177.977528089886,10281.6901408451,25,"Hours","N","Tetraselmis tetrahele","ESAW",5,"Bernhardt, J.R., Sunday, J.M. and O’Connor, M.I., 2018. Metabolic theory and the temperature-size rule explain the temperature dependence of population carrying capacity. The American naturalist, 192(6), pp.687-697."
"238",12.1581320824687,1298.70997511674,32,"Hours","N","Tetraselmis tetrahele","ESAW",1,"Bernhardt, J.R., Sunday, J.M. and O’Connor, M.I., 2018. Metabolic theory and the temperature-size rule explain the temperature dependence of population carrying capacity. The American naturalist, 192(6), pp.687-697."
"239",103.816174992711,87.8020886117301,32,"Hours","N","Tetraselmis tetrahele","ESAW",1,"Bernhardt, J.R., Sunday, J.M. and O’Connor, M.I., 2018. Metabolic theory and the temperature-size rule explain the temperature dependence of population carrying capacity. The American naturalist, 192(6), pp.687-697."
"240",177.247618535367,1179.881613253,32,"Hours","N","Tetraselmis tetrahele","ESAW",1,"Bernhardt, J.R., Sunday, J.M. and O’Connor, M.I., 2018. Metabolic theory and the temperature-size rule explain the temperature dependence of population carrying capacity. The American naturalist, 192(6), pp.687-697."
"241",248.200583724229,1631.82344465237,32,"Hours","N","Tetraselmis tetrahele","ESAW",1,"Bernhardt, J.R., Sunday, J.M. and O’Connor, M.I., 2018. Metabolic theory and the temperature-size rule explain the temperature dependence of population carrying capacity. The American naturalist, 192(6), pp.687-697."
"242",314.245509541429,1763.49260719778,32,"Hours","N","Tetraselmis tetrahele","ESAW",1,"Bernhardt, J.R., Sunday, J.M. and O’Connor, M.I., 2018. Metabolic theory and the temperature-size rule explain the temperature dependence of population carrying capacity. The American naturalist, 192(6), pp.687-697."
"243",421.919088235211,2857.47447268077,32,"Hours","N","Tetraselmis tetrahele","ESAW",1,"Bernhardt, J.R., Sunday, J.M. and O’Connor, M.I., 2018. Metabolic theory and the temperature-size rule explain the temperature dependence of population carrying capacity. The American naturalist, 192(6), pp.687-697."
"244",514.858765346823,2798.63778807587,32,"Hours","N","Tetraselmis tetrahele","ESAW",1,"Bernhardt, J.R., Sunday, J.M. and O’Connor, M.I., 2018. Metabolic theory and the temperature-size rule explain the temperature dependence of population carrying capacity. The American naturalist, 192(6), pp.687-697."
"245",588.348909692596,5042.72057387282,32,"Hours","N","Tetraselmis tetrahele","ESAW",1,"Bernhardt, J.R., Sunday, J.M. and O’Connor, M.I., 2018. Metabolic theory and the temperature-size rule explain the temperature dependence of population carrying capacity. The American naturalist, 192(6), pp.687-697."
"246",681.135312484961,1975.87537402799,32,"Hours","N","Tetraselmis tetrahele","ESAW",1,"Bernhardt, J.R., Sunday, J.M. and O’Connor, M.I., 2018. Metabolic theory and the temperature-size rule explain the temperature dependence of population carrying capacity. The American naturalist, 192(6), pp.687-697."
"247",749.72393977053,4027.68585332163,32,"Hours","N","Tetraselmis tetrahele","ESAW",1,"Bernhardt, J.R., Sunday, J.M. and O’Connor, M.I., 2018. Metabolic theory and the temperature-size rule explain the temperature dependence of population carrying capacity. The American naturalist, 192(6), pp.687-697."
"248",849.929471845639,2561.25282732581,32,"Hours","N","Tetraselmis tetrahele","ESAW",1,"Bernhardt, J.R., Sunday, J.M. and O’Connor, M.I., 2018. Metabolic theory and the temperature-size rule explain the temperature dependence of population carrying capacity. The American naturalist, 192(6), pp.687-697."
"249",10.7322589765339,1326.89392841005,32,"Hours","N","Tetraselmis tetrahele","ESAW",2,"Bernhardt, J.R., Sunday, J.M. and O’Connor, M.I., 2018. Metabolic theory and the temperature-size rule explain the temperature dependence of population carrying capacity. The American naturalist, 192(6), pp.687-697."
"250",104.031665253039,665.38881397876,32,"Hours","N","Tetraselmis tetrahele","ESAW",2,"Bernhardt, J.R., Sunday, J.M. and O’Connor, M.I., 2018. Metabolic theory and the temperature-size rule explain the temperature dependence of population carrying capacity. The American naturalist, 192(6), pp.687-697."
"251",177.540288379983,113.851373393409,32,"Hours","N","Tetraselmis tetrahele","ESAW",2,"Bernhardt, J.R., Sunday, J.M. and O’Connor, M.I., 2018. Metabolic theory and the temperature-size rule explain the temperature dependence of population carrying capacity. The American naturalist, 192(6), pp.687-697."
"252",248.221656771275,229.86018983688,32,"Hours","N","Tetraselmis tetrahele","ESAW",2,"Bernhardt, J.R., Sunday, J.M. and O’Connor, M.I., 2018. Metabolic theory and the temperature-size rule explain the temperature dependence of population carrying capacity. The American naturalist, 192(6), pp.687-697."
"253",316.075770426915,4203.70491193226,32,"Hours","N","Tetraselmis tetrahele","ESAW",2,"Bernhardt, J.R., Sunday, J.M. and O’Connor, M.I., 2018. Metabolic theory and the temperature-size rule explain the temperature dependence of population carrying capacity. The American naturalist, 192(6), pp.687-697."
"254",420.684195646028,3468.7621577995,32,"Hours","N","Tetraselmis tetrahele","ESAW",2,"Bernhardt, J.R., Sunday, J.M. and O’Connor, M.I., 2018. Metabolic theory and the temperature-size rule explain the temperature dependence of population carrying capacity. The American naturalist, 192(6), pp.687-697."
"255",513.983601922533,2102.42560937008,32,"Hours","N","Tetraselmis tetrahele","ESAW",2,"Bernhardt, J.R., Sunday, J.M. and O’Connor, M.I., 2018. Metabolic theory and the temperature-size rule explain the temperature dependence of population carrying capacity. The American naturalist, 192(6), pp.687-697."
"256",590.319479785129,5631.67999342727,32,"Hours","N","Tetraselmis tetrahele","ESAW",2,"Bernhardt, J.R., Sunday, J.M. and O’Connor, M.I., 2018. Metabolic theory and the temperature-size rule explain the temperature dependence of population carrying capacity. The American naturalist, 192(6), pp.687-697."
"257",679.378003958156,1853.79483433985,32,"Hours","N","Tetraselmis tetrahele","ESAW",2,"Bernhardt, J.R., Sunday, J.M. and O’Connor, M.I., 2018. Metabolic theory and the temperature-size rule explain the temperature dependence of population carrying capacity. The American naturalist, 192(6), pp.687-697."
"258",751.472999717274,2860.21143394979,32,"Hours","N","Tetraselmis tetrahele","ESAW",2,"Bernhardt, J.R., Sunday, J.M. and O’Connor, M.I., 2018. Metabolic theory and the temperature-size rule explain the temperature dependence of population carrying capacity. The American naturalist, 192(6), pp.687-697."
"259",849.013288097258,5129.60440785933,32,"Hours","N","Tetraselmis tetrahele","ESAW",2,"Bernhardt, J.R., Sunday, J.M. and O’Connor, M.I., 2018. Metabolic theory and the temperature-size rule explain the temperature dependence of population carrying capacity. The American naturalist, 192(6), pp.687-697."
"260",11.4786004882021,1288.39164632501,32,"Hours","N","Tetraselmis tetrahele","ESAW",3,"Bernhardt, J.R., Sunday, J.M. and O’Connor, M.I., 2018. Metabolic theory and the temperature-size rule explain the temperature dependence of population carrying capacity. The American naturalist, 192(6), pp.687-697."
"261",105.041497152157,113.344182262081,32,"Hours","N","Tetraselmis tetrahele","ESAW",3,"Bernhardt, J.R., Sunday, J.M. and O’Connor, M.I., 2018. Metabolic theory and the temperature-size rule explain the temperature dependence of population carrying capacity. The American naturalist, 192(6), pp.687-697."
"262",177.100081366965,337.103336045635,32,"Hours","N","Tetraselmis tetrahele","ESAW",3,"Bernhardt, J.R., Sunday, J.M. and O’Connor, M.I., 2018. Metabolic theory and the temperature-size rule explain the temperature dependence of population carrying capacity. The American naturalist, 192(6), pp.687-697."
"263",248.86183889341,1960.48277732581,32,"Hours","N","Tetraselmis tetrahele","ESAW",3,"Bernhardt, J.R., Sunday, J.M. and O’Connor, M.I., 2018. Metabolic theory and the temperature-size rule explain the temperature dependence of population carrying capacity. The American naturalist, 192(6), pp.687-697."
"264",314.827664768104,4246.62327095208,32,"Hours","N","Tetraselmis tetrahele","ESAW",3,"Bernhardt, J.R., Sunday, J.M. and O’Connor, M.I., 2018. Metabolic theory and the temperature-size rule explain the temperature dependence of population carrying capacity. The American naturalist, 192(6), pp.687-697."
"265",419.787144019529,2666.85652291845,32,"Hours","N","Tetraselmis tetrahele","ESAW",3,"Bernhardt, J.R., Sunday, J.M. and O’Connor, M.I., 2018. Metabolic theory and the temperature-size rule explain the temperature dependence of population carrying capacity. The American naturalist, 192(6), pp.687-697."
"266",514.287388120424,3738.62218605919,32,"Hours","N","Tetraselmis tetrahele","ESAW",3,"Bernhardt, J.R., Sunday, J.M. and O’Connor, M.I., 2018. Metabolic theory and the temperature-size rule explain the temperature dependence of population carrying capacity. The American naturalist, 192(6), pp.687-697."
"267",587.166151342555,6761.67615947936,32,"Hours","N","Tetraselmis tetrahele","ESAW",3,"Bernhardt, J.R., Sunday, J.M. and O’Connor, M.I., 2018. Metabolic theory and the temperature-size rule explain the temperature dependence of population carrying capacity. The American naturalist, 192(6), pp.687-697."
"268",679.807323026851,3266.15134255504,32,"Hours","N","Tetraselmis tetrahele","ESAW",3,"Bernhardt, J.R., Sunday, J.M. and O’Connor, M.I., 2018. Metabolic theory and the temperature-size rule explain the temperature dependence of population carrying capacity. The American naturalist, 192(6), pp.687-697."
"269",750.069324654191,5294.6297803093,32,"Hours","N","Tetraselmis tetrahele","ESAW",3,"Bernhardt, J.R., Sunday, J.M. and O’Connor, M.I., 2018. Metabolic theory and the temperature-size rule explain the temperature dependence of population carrying capacity. The American naturalist, 192(6), pp.687-697."
"270",849.365663140765,3751.47816653113,32,"Hours","N","Tetraselmis tetrahele","ESAW",3,"Bernhardt, J.R., Sunday, J.M. and O’Connor, M.I., 2018. Metabolic theory and the temperature-size rule explain the temperature dependence of population carrying capacity. The American naturalist, 192(6), pp.687-697."
"271",12.050474226804,1401.40789822431,32,"Hours","N","Tetraselmis tetrahele","ESAW",4,"Bernhardt, J.R., Sunday, J.M. and O’Connor, M.I., 2018. Metabolic theory and the temperature-size rule explain the temperature dependence of population carrying capacity. The American naturalist, 192(6), pp.687-697."
"272",105.866368188513,175.767354043084,32,"Hours","N","Tetraselmis tetrahele","ESAW",4,"Bernhardt, J.R., Sunday, J.M. and O’Connor, M.I., 2018. Metabolic theory and the temperature-size rule explain the temperature dependence of population carrying capacity. The American naturalist, 192(6), pp.687-697."
"273",177.694162002944,218.403009992413,32,"Hours","N","Tetraselmis tetrahele","ESAW",4,"Bernhardt, J.R., Sunday, J.M. and O’Connor, M.I., 2018. Metabolic theory and the temperature-size rule explain the temperature dependence of population carrying capacity. The American naturalist, 192(6), pp.687-697."
"274",250.98782916053,299.594897002942,32,"Hours","N","Tetraselmis tetrahele","ESAW",4,"Bernhardt, J.R., Sunday, J.M. and O’Connor, M.I., 2018. Metabolic theory and the temperature-size rule explain the temperature dependence of population carrying capacity. The American naturalist, 192(6), pp.687-697."
"275",315.486256259205,2765.49392454812,32,"Hours","N","Tetraselmis tetrahele","ESAW",4,"Bernhardt, J.R., Sunday, J.M. and O’Connor, M.I., 2018. Metabolic theory and the temperature-size rule explain the temperature dependence of population carrying capacity. The American naturalist, 192(6), pp.687-697."
"276",422.495010309279,3810.42161205102,32,"Hours","N","Tetraselmis tetrahele","ESAW",4,"Bernhardt, J.R., Sunday, J.M. and O’Connor, M.I., 2018. Metabolic theory and the temperature-size rule explain the temperature dependence of population carrying capacity. The American naturalist, 192(6), pp.687-697."
"277",514.845030927835,2738.58105202191,32,"Hours","N","Tetraselmis tetrahele","ESAW",4,"Bernhardt, J.R., Sunday, J.M. and O’Connor, M.I., 2018. Metabolic theory and the temperature-size rule explain the temperature dependence of population carrying capacity. The American naturalist, 192(6), pp.687-697."
"278",589.604571428571,5012.71878048321,32,"Hours","N","Tetraselmis tetrahele","ESAW",4,"Bernhardt, J.R., Sunday, J.M. and O’Connor, M.I., 2018. Metabolic theory and the temperature-size rule explain the temperature dependence of population carrying capacity. The American naturalist, 192(6), pp.687-697."
"279",680.488718703976,3863.85074635033,32,"Hours","N","Tetraselmis tetrahele","ESAW",4,"Bernhardt, J.R., Sunday, J.M. and O’Connor, M.I., 2018. Metabolic theory and the temperature-size rule explain the temperature dependence of population carrying capacity. The American naturalist, 192(6), pp.687-697."
"280",752.316512518408,3791.07267317164,32,"Hours","N","Tetraselmis tetrahele","ESAW",4,"Bernhardt, J.R., Sunday, J.M. and O’Connor, M.I., 2018. Metabolic theory and the temperature-size rule explain the temperature dependence of population carrying capacity. The American naturalist, 192(6), pp.687-697."
"281",850.530026509572,4181.47930083814,32,"Hours","N","Tetraselmis tetrahele","ESAW",4,"Bernhardt, J.R., Sunday, J.M. and O’Connor, M.I., 2018. Metabolic theory and the temperature-size rule explain the temperature dependence of population carrying capacity. The American naturalist, 192(6), pp.687-697."
"282",1014.70784094256,4998.89406280665,32,"Hours","N","Tetraselmis tetrahele","ESAW",4,"Bernhardt, J.R., Sunday, J.M. and O’Connor, M.I., 2018. Metabolic theory and the temperature-size rule explain the temperature dependence of population carrying capacity. The American naturalist, 192(6), pp.687-697."
"283",12.6593406593393,1383.51648351626,32,"Hours","N","Tetraselmis tetrahele","ESAW",5,"Bernhardt, J.R., Sunday, J.M. and O’Connor, M.I., 2018. Metabolic theory and the temperature-size rule explain the temperature dependence of population carrying capacity. The American naturalist, 192(6), pp.687-697."
"284",103.384615384615,999.87789987764,32,"Hours","N","Tetraselmis tetrahele","ESAW",5,"Bernhardt, J.R., Sunday, J.M. and O’Connor, M.I., 2018. Metabolic theory and the temperature-size rule explain the temperature dependence of population carrying capacity. The American naturalist, 192(6), pp.687-697."
"285",177.230769230769,670.818070817768,32,"Hours","N","Tetraselmis tetrahele","ESAW",5,"Bernhardt, J.R., Sunday, J.M. and O’Connor, M.I., 2018. Metabolic theory and the temperature-size rule explain the temperature dependence of population carrying capacity. The American naturalist, 192(6), pp.687-697."
"286",246.857142857143,285.958485958225,32,"Hours","N","Tetraselmis tetrahele","ESAW",5,"Bernhardt, J.R., Sunday, J.M. and O’Connor, M.I., 2018. Metabolic theory and the temperature-size rule explain the temperature dependence of population carrying capacity. The American naturalist, 192(6), pp.687-697."
"287",314.373626373625,1456.53235653209,32,"Hours","N","Tetraselmis tetrahele","ESAW",5,"Bernhardt, J.R., Sunday, J.M. and O’Connor, M.I., 2018. Metabolic theory and the temperature-size rule explain the temperature dependence of population carrying capacity. The American naturalist, 192(6), pp.687-697."
"288",421.978021978021,3073.87057387031,32,"Hours","N","Tetraselmis tetrahele","ESAW",5,"Bernhardt, J.R., Sunday, J.M. and O’Connor, M.I., 2018. Metabolic theory and the temperature-size rule explain the temperature dependence of population carrying capacity. The American naturalist, 192(6), pp.687-697."
"289",514.813186813186,2968.13186813158,32,"Hours","N","Tetraselmis tetrahele","ESAW",5,"Bernhardt, J.R., Sunday, J.M. and O’Connor, M.I., 2018. Metabolic theory and the temperature-size rule explain the temperature dependence of population carrying capacity. The American naturalist, 192(6), pp.687-697."
"290",588.659340659341,6694.62759462729,32,"Hours","N","Tetraselmis tetrahele","ESAW",5,"Bernhardt, J.R., Sunday, J.M. and O’Connor, M.I., 2018. Metabolic theory and the temperature-size rule explain the temperature dependence of population carrying capacity. The American naturalist, 192(6), pp.687-697."
"291",681.494505494504,2755.55555555527,32,"Hours","N","Tetraselmis tetrahele","ESAW",5,"Bernhardt, J.R., Sunday, J.M. and O’Connor, M.I., 2018. Metabolic theory and the temperature-size rule explain the temperature dependence of population carrying capacity. The American naturalist, 192(6), pp.687-697."
"292",749.010989010989,3426.12942612916,32,"Hours","N","Tetraselmis tetrahele","ESAW",5,"Bernhardt, J.R., Sunday, J.M. and O’Connor, M.I., 2018. Metabolic theory and the temperature-size rule explain the temperature dependence of population carrying capacity. The American naturalist, 192(6), pp.687-697."
"293",850.285714285715,5209.76800976769,32,"Hours","N","Tetraselmis tetrahele","ESAW",5,"Bernhardt, J.R., Sunday, J.M. and O’Connor, M.I., 2018. Metabolic theory and the temperature-size rule explain the temperature dependence of population carrying capacity. The American naturalist, 192(6), pp.687-697."
"294",1014.85714285714,3385.9584859582,32,"Hours","N","Tetraselmis tetrahele","ESAW",5,"Bernhardt, J.R., Sunday, J.M. and O’Connor, M.I., 2018. Metabolic theory and the temperature-size rule explain the temperature dependence of population carrying capacity. The American naturalist, 192(6), pp.687-697."
